Timestamp,selectID,Spacecraft,Latitude,Longitude,Altitude_km,Solar_Current_A,Battery_Voltage_V
2024-01-15 12:11:50,2lwafa0tvi8iiami,ExampleSat-1,0.0,0.0,525.0,9.81,28.43
2024-01-15 12:12:38,2s090ske0d9i01w5,ExampleSat-1,2.4528,1.7457,524.97,10.29,28.48
2024-01-15 12:13:26,cglyyzwqhi5f97bp,ExampleSat-1,4.9028,3.4985,524.88,9.98,28.55
2024-01-15 12:14:14,p8ulxb7odtwoyxgk,ExampleSat-1,7.3471,5.2656,524.73,10.01,28.58
2024-01-15 12:15:02,7qdmhw6lq74dwuqe,ExampleSat-1,9.7827,7.0545,524.52,9.47,28.64
2024-01-15 12:15:50,wzht3ur08hz9phll,ExampleSat-1,12.2066,8.8727,524.26,9.55,28.7
2024-01-15 12:16:38,m7si05slu1xd9mb8,ExampleSat-1,14.6156,10.7281,523.93,9.35,28.75
2024-01-15 12:17:26,jg6j8yjybbdcxl8n,ExampleSat-1,17.0061,12.6289,523.56,9.56,28.81
2024-01-15 12:18:14,a7in9bwqm2b4btj1,ExampleSat-1,19.3745,14.5838,523.12,9.3,28.84
2024-01-15 12:19:02,1zxkyybb02npbyc6,ExampleSat-1,21.7169,16.6019,522.63,8.89,28.9
2024-01-15 12:19:50,233780vzuy1410b5,ExampleSat-1,24.0287,18.693,522.09,8.22,28.95
2024-01-15 12:20:38,mo2qwni0inp7g9w7,ExampleSat-1,26.3053,20.8674,521.5,7.96,29.0
2024-01-15 12:21:26,kghvr1ekaiuyow8o,ExampleSat-1,28.5411,23.136,520.85,7.8,29.04
2024-01-15 12:22:14,krihcioieewkzr1g,ExampleSat-1,30.7305,25.5107,520.16,7.59,29.09
2024-01-15 12:23:02,v3oa4ugzr4szfz0v,ExampleSat-1,32.8666,28.0035,519.43,7.54,29.15
2024-01-15 12:23:50,77y0qhe4065lqadg,ExampleSat-1,34.9423,30.6274,518.65,6.5,29.2
2024-01-15 12:24:38,el4s19u47sj2jv3l,ExampleSat-1,36.9493,33.3954,517.83,6.4,ERR_READ
2024-01-15 12:25:26,he795tcsnyan2e80,ExampleSat-1,38.8785,36.3209,516.98,5.93,29.29
2024-01-15 12:26:14,1wit4qcnoc8gxfo1,ExampleSat-1,40.7198,39.4166,516.08,5.3,29.32
2024-01-15 12:27:02,8stxwaoq46ks0v08,ExampleSat-1,42.4621,42.6947,515.16,5.17,29.37
2024-01-15 12:27:50,yjozb59jo2fn6l6l,ExampleSat-1,44.0934,46.1653,514.2,4.63,29.42
2024-01-15 12:28:38,zip9p3j8q0cotyii,ExampleSat-1,45.6007,49.8359,513.22,3.78,29.47
2024-01-15 12:29:26,xyjbgmcn6oaqf8fa,ExampleSat-1,46.9703,53.7101,,3.39,29.52
2024-01-15 12:30:14,qsughj5lsalmpnpx,ExampleSat-1,48.188,57.7861,511.18,3.21,29.57
2024-01-15 12:31:02,8zxl0tirry0l1zay,ExampleSat-1,49.2399,62.0556,510.13,2.63,29.62
2024-01-15 12:31:50,wtnhl13gof9csxs6,ExampleSat-1,50.1122,66.5026,509.07,2.18,29.65
2024-01-15 12:32:38,w40idh9ayts4z4io,ExampleSat-1,50.7927,71.1025,507.99,1.32,ERR_READ
2024-01-15 12:33:26,d8t5ol89pk017508,ExampleSat-1,51.271,75.8228,506.91,0.84,29.77
2024-01-15 12:34:14,f545srv8ugovxxfy,ExampleSat-1,51.5394,80.6235,505.82,0.17,29.81
2024-01-15 12:35:02,8ulkytxdh6v2vkm5,ExampleSat-1,51.5933,85.4598,504.73,0.0,29.77
2024-01-15 12:35:50,8en2z3h58vbvyptx,ExampleSat-1,51.4318,90.2842,503.64,0.0,29.73
2024-01-15 12:36:38,xr0evx61f0k3rn1u,ExampleSat-1,51.0577,95.0501,502.55,0.0,29.7
2024-01-15 12:37:26,vtm8vlz3d3lmk974,ExampleSat-1,50.4771,99.7148,501.47,0.0,29.66
2024-01-15 12:38:14,dh85fv8kwme6v8h1,ExampleSat-1,49.6993,104.2418,500.4,0.0,29.63
2024-01-15 12:39:02,qt7lvnkjen2rguib,ExampleSat-1,48.7356,108.6025,499.34,0.0,29.61
2024-01-15 12:39:50,32bf6pej8bvnzj0s,ExampleSat-1,47.599,112.7768,498.3,0.0,29.57
2024-01-15 12:40:38,i5i53a5bmz6zmub3,ExampleSat-1,46.3036,116.7525,497.28,0.0,29.54
2024-01-15 12:41:26,0cx99696pfgct4il,ExampleSat-1,44.8634,120.5247,496.29,0.0,29.52
2024-01-15 12:42:14,yinj5jowr1r3a8pi,ExampleSat-1,43.2924,124.0946,495.32,0.0,29.47
2024-01-15 12:43:02,ahnocbz9g5oeq21a,ExampleSat-1,41.604,127.4678,494.38,0.0,29.45
2024-01-15 12:43:50,yfegxljs3mk4ob5u,ExampleSat-1,39.8108,130.6533,493.47,0.0,29.41
2024-01-15 12:44:38,vniqleiao6r3x8ei,ExampleSat-1,37.9242,133.6624,492.59,0.0,29.39
2024-01-15 12:45:26,2olu47t7xl01goys,ExampleSat-1,35.9549,136.5075,491.75,0.0,29.36
2024-01-15 12:46:14,52npzqmxj2kx9hkn,ExampleSat-1,33.9125,139.2018,490.95,0.0,29.32
2024-01-15 12:47:02,32irjrtzu7d6kvnk,ExampleSat-1,31.8056,141.7585,490.2,0.0,29.31
2024-01-15 12:47:50,kkjwvqzbze5bersw,ExampleSat-1,29.642,144.1906,489.49,0.0,29.29
2024-01-15 12:48:38,xsk7b5vq608rw5z7,ExampleSat-1,27.4286,146.5108,488.82,0.0,29.26
2024-01-15 12:49:26,2pqfryo6jx6ujegy,ExampleSat-1,25.1717,148.7309,488.2,0.0,29.21
2024-01-15 12:50:14,y4wqopijvyrincst,ExampleSat-1,22.8769,150.8623,487.63,0.0,29.16
2024-01-15 12:51:02,iitrvw0cw9zgaov9,ExampleSat-1,20.5492,152.9157,487.12,0.0,29.14
2024-01-15 12:51:50,38dwt4115kwf4dyz,ExampleSat-1,18.1933,154.901,486.66,0.0,29.12
2024-01-15 12:52:38,e4lcl93yw31jfz67,ExampleSat-1,15.8134,156.8277,486.25,0.0,29.1
2024-01-15 12:53:26,z2savq7fwxuct167,ExampleSat-1,13.4132,158.7047,485.9,0.0,29.05
2024-01-15 12:54:14,buruo5m9aq75wrf3,ExampleSat-1,10.9963,160.5405,485.6,0.0,29.03
2024-01-15 12:55:02,q7zuj1mbpvfkmqgq,ExampleSat-1,8.5662,162.3431,485.36,0.0,29.0
2024-01-15 12:55:50,mlsidz7jlkwnxw09,ExampleSat-1,6.1259,164.1202,485.19,0.0,28.96
2024-01-15 12:56:38,6lv278gww8p4cze9,ExampleSat-1,3.6784,165.8793,485.07,0.0,28.93
2024-01-15 12:57:26,ouxe60ibskcl1sqs,ExampleSat-1,1.2266,167.6276,485.01,0.0,28.89
2024-01-15 12:58:14,fgeo3n9e99v8kxez,ExampleSat-1,-1.2266,169.3724,485.01,0.0,28.84
2024-01-15 12:59:02,2m0ckus5em5x586y,ExampleSat-1,-3.6784,171.1207,485.07,0.0,28.79
2024-01-15 12:59:50,lqebx311gb9ogx8a,ExampleSat-1,-6.1259,172.8798,485.19,0.0,28.75
2024-01-15 13:00:38,a5hs6f9qnsk5zu4y,ExampleSat-1,-8.5662,174.6569,485.36,0.0,28.72
2024-01-15 13:01:26,dq0zidd3v6y3spto,ExampleSat-1,-10.9963,176.4595,485.6,0.0,28.68
2024-01-15 13:02:14,qsp0eos3brkoh5qm,ExampleSat-1,-13.4132,178.2953,485.9,0.0,28.66
2024-01-15 13:03:02,hh3sxa5wrmhus8b3,ExampleSat-1,-15.8134,-179.8277,486.25,0.0,28.62
2024-01-15 13:03:50,g6xer2rt45hqs7j4,ExampleSat-1,-18.1933,-177.901,486.66,0.0,28.59
2024-01-15 13:04:38,ol1m4gv95h62gqpt,ExampleSat-1,-20.5492,-175.9157,487.12,0.0,28.58
2024-01-15 13:05:26,b9ta9ynp700aexeu,ExampleSat-1,-22.8769,-173.8623,487.63,0.0,28.54
2024-01-15 13:06:14,kvpdxqkhf6hvemef,ExampleSat-1,-25.1717,-171.7309,488.2,0.0,28.48
2024-01-15 13:07:02,vxco08wrq5h12r2k,ExampleSat-1,-27.4286,-169.5108,488.82,0.0,28.43
2024-01-15 13:07:50,lkya0fuvgwhnmkkb,ExampleSat-1,-29.642,-167.1906,489.49,0.0,28.41
2024-01-15 13:08:38,u1zxjtzp2pebrk0f,ExampleSat-1,-31.8056,-164.7585,490.2,0.0,28.38
2024-01-15 13:09:26,nbe553hlb3d3ye1m,ExampleSat-1,-33.9125,-162.2018,490.95,0.0,ERR_READ
2024-01-15 13:10:14,hx7shqlh19c7s7wa,ExampleSat-1,-35.9549,-159.5075,491.75,0.0,28.3
2024-01-15 13:11:02,q5xqir7119e5s77p,ExampleSat-1,-37.9242,-156.6624,492.59,0.0,28.26
2024-01-15 13:11:50,uz99d0f4j6uwbzoe,ExampleSat-1,-39.8108,-153.6533,493.47,0.0,28.23
2024-01-15 13:12:38,npnf539bvfucr32a,ExampleSat-1,-41.604,-150.4678,494.38,0.0,28.2
2024-01-15 13:13:26,kfv66yr8kr1ycwle,ExampleSat-1,-43.2924,-147.0946,495.32,0.0,28.18
2024-01-15 13:14:14,q7d8c4y2zjec752n,ExampleSat-1,-44.8634,-143.5247,496.29,0.0,28.14
2024-01-15 13:15:02,4mawblt8j3n99s4n,ExampleSat-1,-46.3036,-139.7525,497.28,0.0,28.12
2024-01-15 13:15:50,bqj9mmy3gzbfolsf,ExampleSat-1,-47.599,-135.7768,498.3,0.0,28.08
2024-01-15 13:16:38,nhrigwfqr7hziqxa,ExampleSat-1,-48.7356,-131.6025,499.34,0.0,28.06
2024-01-15 13:17:26,039056x9vkojko3g,ExampleSat-1,-49.6993,-127.2418,500.4,0.0,28.03
2024-01-15 13:18:14,g4kw2xv4mqf21sei,ExampleSat-1,-50.4771,-122.7148,501.47,0.0,28.01
2024-01-15 13:19:02,o00wcwosnxgro21t,ExampleSat-1,-51.0577,-118.0501,502.55,0.0,27.98
2024-01-15 13:19:50,tru8bvk0azmn2fx1,ExampleSat-1,-51.4318,-113.2842,503.64,0.0,27.96
2024-01-15 13:20:38,83ukzvro1zzrtq7o,ExampleSat-1,-51.5933,-108.4598,504.73,0.0,27.92
2024-01-15 13:21:26,knt9h2up6uer8zlo,ExampleSat-1,-51.5394,-103.6235,,0.48,27.96
2024-01-15 13:22:14,0c02zbj5zv1trlwq,ExampleSat-1,-51.271,-98.8228,506.91,1.03,28.03
2024-01-15 13:23:02,2adlgpfft8qxw4v1,ExampleSat-1,-50.7927,-94.1025,507.99,1.42,28.11
2024-01-15 13:23:50,b79xjc5lola2xizr,ExampleSat-1,-50.1122,-89.5026,509.07,1.82,28.14
2024-01-15 13:24:38,0plnm2r8l0cp99g0,ExampleSat-1,-49.2399,-85.0556,510.13,2.61,28.19
2024-01-15 13:25:26,je0ba3w9vlol6s1r,ExampleSat-1,-48.188,-80.7861,511.18,3.32,28.24
2024-01-15 13:26:14,ieakg6awepjvzjx5,ExampleSat-1,-46.9703,-76.7101,512.21,3.69,28.3
2024-01-15 13:27:02,e6zix0qefc6onx6y,ExampleSat-1,-45.6007,-72.8359,513.22,4.09,28.33
2024-01-15 13:27:50,vj84e7h978wytlzl,ExampleSat-1,-44.0934,-69.1653,514.2,4.73,28.37
2024-01-15 13:28:38,x0eygazkk1cbrx5z,ExampleSat-1,-42.4621,-65.6947,515.16,4.79,ERR_READ
2024-01-15 13:29:26,wffpx4yioo0vf87r,ExampleSat-1,-40.7198,-62.4166,516.08,5.35,28.48
2024-01-15 13:30:14,f258ltlkj32o5aim,ExampleSat-1,-38.8785,-59.3209,516.98,5.83,28.52
2024-01-15 13:31:02,a90opsfzzp269bi8,ExampleSat-1,-36.9493,-56.3954,517.83,6.57,28.58
2024-01-15 13:31:50,c4rzlpzv0dwhw7iz,ExampleSat-1,-34.9423,-53.6274,518.65,6.5,28.61
2024-01-15 13:32:38,vckb3n5x11gwzxvx,ExampleSat-1,-32.8666,-51.0035,519.43,6.84,28.65
2024-01-15 13:33:26,rvfadwwcubgglbhf,ExampleSat-1,-30.7305,-48.5107,520.16,7.66,28.71
2024-01-15 13:34:14,jd4grg1apk8spbid,ExampleSat-1,-28.5411,-46.136,520.85,7.99,28.77
2024-01-15 13:35:02,ay4ix5l3nmt2klf7,ExampleSat-1,-26.3053,-43.8674,521.5,8.2,28.82
2024-01-15 13:35:50,6vgcqemnrotqajmu,ExampleSat-1,-24.0287,-41.693,522.09,8.67,28.85
2024-01-15 13:36:38,45pas62ulyakgmkn,ExampleSat-1,-21.7169,-39.6019,522.63,8.7,28.9
2024-01-15 13:37:26,7aiwbs6ch0pjik7t,ExampleSat-1,-19.3745,-37.5838,523.12,9.31,28.94
2024-01-15 13:38:14,h8y62itfay48e0va,ExampleSat-1,-17.0061,-35.6289,523.56,9.17,28.99
2024-01-15 13:39:02,pqkgxigmb1xnk8lg,ExampleSat-1,-14.6156,-33.7281,523.93,9.53,29.05
2024-01-15 13:39:50,s2pynkxdmxttjdzt,ExampleSat-1,-12.2066,-31.8727,524.26,9.83,29.09
2024-01-15 13:40:38,nuwefvtqkycb1tio,ExampleSat-1,-9.7827,-30.0545,524.52,10.11,29.12
2024-01-15 13:41:26,g7ldzpsthmwnr5b4,ExampleSat-1,-7.3471,-28.2656,524.73,9.97,29.17
2024-01-15 13:42:14,xd27w29z80h9mjdr,ExampleSat-1,-4.9028,-26.4985,524.88,9.85,29.22
2024-01-15 13:43:02,5o2bsbiriy8e3ocm,ExampleSat-1,-2.4528,-24.7457,524.97,9.92,29.26
2024-01-15 13:43:50,8zvvrlqe11sutomm,ExampleSat-1,-0.0,-23.0,525.0,10.32,29.31
2024-01-15 13:44:38,cdcm8k5zo2sq7lb1,ExampleSat-1,2.4528,-21.2543,524.97,10.12,29.36
2024-01-15 13:45:26,8upugspfq7lxnvau,ExampleSat-1,4.9028,-19.5015,524.88,9.99,29.42
2024-01-15 13:46:14,mchyrmee8a5a702b,ExampleSat-1,7.3471,-17.7344,524.73,10.08,29.47
2024-01-15 13:47:02,pgfp4e0d88n36jwx,ExampleSat-1,9.7827,-15.9455,524.52,9.88,29.51
2024-01-15 13:47:50,9qqqtux1l0nw08ie,ExampleSat-1,12.2066,-14.1273,524.26,9.39,29.55
2024-01-15 13:48:38,8f3z3diorxebg438,ExampleSat-1,14.6156,-12.2719,523.93,9.75,29.6
2024-01-15 13:49:26,y2ss2h7q7cma0msd,ExampleSat-1,17.0061,-10.3711,523.56,9.28,29.65
2024-01-15 13:50:14,cowyi9yhqxlfobq4,ExampleSat-1,19.3745,-8.4162,523.12,9.13,29.71
2024-01-15 13:51:02,r94q4f0fdtl4ow7t,ExampleSat-1,21.7169,-6.3981,522.63,8.65,29.78
2024-01-15 13:51:50,et02rxnh0611tyup,ExampleSat-1,24.0287,-4.307,522.09,8.38,29.84
2024-01-15 13:52:38,d6zdhlbo5b4iyu7l,ExampleSat-1,26.3053,-2.1326,521.5,8.32,29.88
2024-01-15 13:53:26,ppu5sg4ir2rqi8dt,ExampleSat-1,28.5411,0.136,520.85,8.21,29.93
2024-01-15 13:54:14,l2widqlxoahyjsa1,ExampleSat-1,30.7305,2.5107,520.16,7.59,29.98
2024-01-15 13:55:02,og2ru1em6rciwhwa,ExampleSat-1,32.8666,5.0035,519.43,7.1,30.03
2024-01-15 13:55:50,tg1t1hrx5s3aha0w,ExampleSat-1,34.9423,7.6274,518.65,6.92,30.07
2024-01-15 13:56:38,fd25zigaw6h9x190,ExampleSat-1,36.9493,10.3954,517.83,5.92,30.13
2024-01-15 13:57:26,33zglo1nwoo6zp4l,ExampleSat-1,38.8785,13.3209,516.98,6.09,30.18
2024-01-15 13:58:14,sv8vwg9zfe85tsdl,ExampleSat-1,40.7198,16.4166,516.08,5.16,30.22
2024-01-15 13:59:02,9b7c41c5as0zztzt,ExampleSat-1,42.4621,19.6947,515.16,5.17,30.27
2024-01-15 13:59:50,e4empvh8vfaqqyj5,ExampleSat-1,44.0934,23.1653,514.2,4.58,30.32
2024-01-15 14:00:38,cfk2qn70j7kgj2za,ExampleSat-1,45.6007,26.8359,513.22,3.96,30.36
2024-01-15 14:01:26,4d2wg4ss5xbqoft5,ExampleSat-1,46.9703,30.7101,512.21,3.44,30.41
2024-01-15 14:02:14,pdan93fdw0oaxqel,ExampleSat-1,48.188,34.7861,511.18,3.41,30.47
2024-01-15 14:03:02,vlhhrjw1reg9gr9y,ExampleSat-1,49.2399,39.0556,510.13,2.31,30.52
2024-01-15 14:03:50,34aqwaiz95k9kgk5,ExampleSat-1,50.1122,43.5026,509.07,1.81,30.56
2024-01-15 14:04:38,xcahj2uix3x8ugyv,ExampleSat-1,50.7927,48.1025,507.99,1.49,30.63
2024-01-15 14:05:26,gar05axvl7lt5bur,ExampleSat-1,51.271,52.8228,506.91,0.82,30.69
2024-01-15 14:06:14,3l0aww1ra6dr7801,ExampleSat-1,51.5394,57.6235,505.82,0.69,30.74
2024-01-15 14:07:02,5tktwbibonn98set,ExampleSat-1,51.5933,62.4598,504.73,0.0,30.69
2024-01-15 14:07:50,27mc04bbqgyqbkmr,ExampleSat-1,51.4318,67.2842,503.64,0.0,30.67
2024-01-15 14:08:38,7gwomw0y8fqrh8yr,ExampleSat-1,51.0577,72.0501,502.55,0.0,30.63
2024-01-15 14:09:26,wkcdase55xnfr2w0,ExampleSat-1,50.4771,76.7148,501.47,0.0,30.58
2024-01-15 14:10:14,mg420we2y8cr95vy,ExampleSat-1,49.6993,81.2418,,0.0,30.56
2024-01-15 14:11:02,3ur0rxlmw05030t4,ExampleSat-1,48.7356,85.6025,499.34,0.0,30.55
2024-01-15 14:11:50,n1u7jvie14tco3qs,ExampleSat-1,47.599,89.7768,498.3,0.0,30.53
2024-01-15 14:12:38,ljufl0y7s19d9pcn,ExampleSat-1,46.3036,93.7525,497.28,0.0,30.51
2024-01-15 14:13:26,gkib1kf9193xkrhy,ExampleSat-1,44.8634,97.5247,496.29,0.0,30.48
2024-01-15 14:14:14,sjt9t0d061n82vnz,ExampleSat-1,43.2924,101.0946,495.32,0.0,30.45
2024-01-15 14:15:02,wqierdl6ucamz0us,ExampleSat-1,41.604,104.4678,494.38,0.0,30.4
2024-01-15 14:15:50,c66cd7rpof1nj5j7,ExampleSat-1,39.8108,107.6533,493.47,0.0,30.36
2024-01-15 14:16:38,giglv7j1dhqorj2f,ExampleSat-1,37.9242,110.6624,492.59,0.0,30.33
2024-01-15 14:17:26,kvyn6d9swq253l99,ExampleSat-1,35.9549,113.5075,491.75,0.0,30.31
2024-01-15 14:18:14,b5dx9i9jg7fklcfx,ExampleSat-1,33.9125,116.2018,490.95,0.0,30.27
2024-01-15 14:19:02,39tbch3tz0dsm11q,ExampleSat-1,31.8056,118.7585,490.2,0.0,30.24
2024-01-15 14:19:50,iydly25924shygr3,ExampleSat-1,29.642,121.1906,489.49,0.0,30.2
2024-01-15 14:20:38,lwk15l06wdcb1efh,ExampleSat-1,27.4286,123.5108,488.82,0.0,30.17
2024-01-15 14:21:26,vzyc8qstt3wfmd59,ExampleSat-1,25.1717,125.7309,488.2,0.0,30.15
2024-01-15 14:22:14,f4js68owmfq4kbbo,ExampleSat-1,22.8769,127.8623,487.63,0.0,30.11
2024-01-15 14:23:02,zgci6pual4qzism4,ExampleSat-1,20.5492,129.9157,487.12,0.0,30.08
2024-01-15 14:23:50,54tza4neu4x6eimd,ExampleSat-1,18.1933,131.901,486.66,0.0,30.06
2024-01-15 14:24:38,trzpzlyidol1ox3q,ExampleSat-1,15.8134,133.8277,486.25,0.0,30.04
2024-01-15 14:25:26,7pgl1xll3mzcv50x,ExampleSat-1,13.4132,135.7047,485.9,0.0,30.01
2024-01-15 14:26:14,l28mt116xie06y9t,ExampleSat-1,10.9963,137.5405,485.6,0.0,30.0
2024-01-15 14:27:02,k80zj48yup1f3r12,ExampleSat-1,8.5662,139.3431,485.36,0.0,29.96
2024-01-15 14:27:50,sezdil6rq622l3xs,ExampleSat-1,6.1259,141.1202,485.19,0.0,29.93
2024-01-15 14:28:38,66jh7a6yhexoc3lz,ExampleSat-1,3.6784,142.8793,485.07,0.0,29.88
2024-01-15 14:29:26,sz7qmlr98vhzxkik,ExampleSat-1,1.2266,144.6276,485.01,0.0,29.85
2024-01-15 14:30:14,kl75iljn8sc3j9ar,ExampleSat-1,-1.2266,146.3724,485.01,0.0,29.82
2024-01-15 14:31:02,w66w9y5bn871t8cw,ExampleSat-1,-3.6784,148.1207,485.07,0.0,29.81
2024-01-15 14:31:50,nm2rxyb6ywi74h3e,ExampleSat-1,-6.1259,149.8798,485.19,0.0,29.76
2024-01-15 14:32:38,zj4atzon2on6g85y,ExampleSat-1,-8.5662,151.6569,485.36,0.0,29.73
2024-01-15 14:33:26,rehjmbi25bn7ja9c,ExampleSat-1,-10.9963,153.4595,485.6,0.0,29.7
2024-01-15 14:34:14,1o7dxphxawlciaxv,ExampleSat-1,-13.4132,155.2953,485.9,0.0,29.66
2024-01-15 14:35:02,2zk6n2cdgiqkucov,ExampleSat-1,-15.8134,157.1723,486.25,0.0,29.61
2024-01-15 14:35:50,32pokt246qgddflg,ExampleSat-1,-18.1933,159.099,486.66,0.0,29.56
2024-01-15 14:36:38,9tu4d4kv2vpgzzrm,ExampleSat-1,-20.5492,161.0843,487.12,0.0,29.53
2024-01-15 14:37:26,0ghqx7vz1gwxlg37,ExampleSat-1,-22.8769,163.1377,487.63,0.0,29.5
2024-01-15 14:38:14,fa8jowvvcrgn7fq8,ExampleSat-1,-25.1717,165.2691,488.2,0.0,29.46
2024-01-15 14:39:02,lcq8uup70tqz48e7,ExampleSat-1,-27.4286,167.4892,488.82,0.0,29.42
2024-01-15 14:39:50,0ngqmerl8w58s987,ExampleSat-1,-29.642,169.8094,489.49,0.0,29.4
2024-01-15 14:40:38,5kplxcb5w2g45vqv,ExampleSat-1,-31.8056,172.2415,490.2,0.0,29.36
2024-01-15 14:41:26,k9r2hg5l5toaoevo,ExampleSat-1,-33.9125,174.7982,490.95,0.0,29.32
2024-01-15 14:42:14,2eo77tnpjwwa52m1,ExampleSat-1,-35.9549,177.4925,491.75,0.0,29.3
2024-01-15 14:43:02,poih7mulfuouci6q,ExampleSat-1,-37.9242,-179.6624,492.59,0.0,29.26
2024-01-15 14:43:50,9la0a7abumzyjrn3,ExampleSat-1,-39.8108,-176.6533,493.47,0.0,29.23
2024-01-15 14:44:38,doy0exrklg9e7fsp,ExampleSat-1,-41.604,-173.4678,,0.0,29.2
2024-01-15 14:45:26,phtd3k9c9wxsebrn,ExampleSat-1,-43.2924,-170.0946,495.32,0.0,29.17
2024-01-15 14:46:14,2kxt6k8dajvrefd5,ExampleSat-1,-44.8634,-166.5247,496.29,0.0,29.15
2024-01-15 14:47:02,6fmum76opwo8e93q,ExampleSat-1,-46.3036,-162.7525,497.28,0.0,29.13
2024-01-15 14:47:50,19j1zazso17mibl0,ExampleSat-1,-47.599,-158.7768,498.3,0.0,29.12
2024-01-15 14:48:38,3u5nq8ut6z733m4z,ExampleSat-1,-48.7356,-154.6025,499.34,0.0,29.09
2024-01-15 14:49:26,ae2gevzx9u06wgy0,ExampleSat-1,-49.6993,-150.2418,500.4,0.0,29.07
2024-01-15 14:50:14,d49s61fccr6zrhc6,ExampleSat-1,-50.4771,-145.7148,501.47,0.0,29.03
2024-01-15 14:51:02,c4h0z1gxgcqcym3k,ExampleSat-1,-51.0577,-141.0501,502.55,0.0,28.99
2024-01-15 14:51:50,xrsgatsebwa65qrg,ExampleSat-1,-51.4318,-136.2842,503.64,0.0,28.96
2024-01-15 14:52:38,7dciexvitg3914lj,ExampleSat-1,-51.5933,-131.4598,504.73,0.0,28.94
2024-01-15 14:53:26,c1cou2fvxpasnqfx,ExampleSat-1,-51.5394,-126.6235,505.82,0.39,28.98
2024-01-15 14:54:14,5z71y7xdys54x65z,ExampleSat-1,-51.271,-121.8228,506.91,1.07,29.02
2024-01-15 14:55:02,wiqkf5f4tiful221,ExampleSat-1,-50.7927,-117.1025,507.99,1.54,29.07
2024-01-15 14:55:50,rbf4dol47rzvq31m,ExampleSat-1,-50.1122,-112.5026,509.07,1.72,29.12
2024-01-15 14:56:38,v9k95mhlg84kk3or,ExampleSat-1,-49.2399,-108.0556,510.13,2.89,29.17
2024-01-15 14:57:26,oq2tmnkji5qflbmk,ExampleSat-1,-48.188,-103.7861,511.18,3.22,29.2
2024-01-15 14:58:14,zq1wk68wom7fafrf,ExampleSat-1,-46.9703,-99.7101,512.21,3.76,29.25
2024-01-15 14:59:02,7f608zr7reho8iro,ExampleSat-1,-45.6007,-95.8359,513.22,4.11,29.3
2024-01-15 14:59:50,etozpnkiuwxvgdjc,ExampleSat-1,-44.0934,-92.1653,514.2,4.63,29.35
2024-01-15 15:00:38,lcphs17aemwegd18,ExampleSat-1,-42.4621,-88.6947,515.16,5.1,29.41
2024-01-15 15:01:26,0npcanrga4a05iu1,ExampleSat-1,-40.7198,-85.4166,516.08,5.22,29.46
2024-01-15 15:02:14,lqcsibyqmmrma80f,ExampleSat-1,-38.8785,-82.3209,516.98,6.12,29.52
2024-01-15 15:03:02,fbot2cgiunp4yrlp,ExampleSat-1,-36.9493,-79.3954,517.83,6.79,29.56
2024-01-15 15:03:50,zzq2cozxz6enlmqd,ExampleSat-1,-34.9423,-76.6274,518.65,6.61,29.61
2024-01-15 15:04:38,0nao6hhcj3gog0io,ExampleSat-1,-32.8666,-74.0035,519.43,7.38,29.67
2024-01-15 15:05:26,e7e5wjzzclmy275l,ExampleSat-1,-30.7305,-71.5107,520.16,7.42,29.71
2024-01-15 15:06:14,5trx6bb9hfv6z0lh,ExampleSat-1,-28.5411,-69.136,520.85,8.1,29.77
2024-01-15 15:07:02,za2cdj5r1i5p74t2,ExampleSat-1,-26.3053,-66.8674,521.5,8.39,29.83
2024-01-15 15:07:50,nsft5kvb59a40cmz,ExampleSat-1,-24.0287,-64.693,522.09,8.46,29.86
2024-01-15 15:08:38,m4tnksujodxwewha,ExampleSat-1,-21.7169,-62.6019,522.63,8.6,29.93
2024-01-15 15:09:26,86ah7jaceqz81r9r,ExampleSat-1,-19.3745,-60.5838,523.12,9.04,29.97
2024-01-15 15:10:14,9y3dkwqv9g19x4z3,ExampleSat-1,-17.0061,-58.6289,523.56,8.88,30.01
2024-01-15 15:11:02,u73yjbphl8iph2ap,ExampleSat-1,-14.6156,-56.7281,523.93,9.41,30.08
2024-01-15 15:11:50,tmw2965qu3rjaiz8,ExampleSat-1,-12.2066,-54.8727,524.26,9.61,30.13
2024-01-15 15:12:38,0gs4dxosxhkbpe9u,ExampleSat-1,-9.7827,-53.0545,524.52,9.63,30.16
2024-01-15 15:13:26,3lkoyd2n0nbnagjy,ExampleSat-1,-7.3471,-51.2656,524.73,10.02,30.21
2024-01-15 15:14:14,5xpfs7gig5nq4h17,ExampleSat-1,-4.9028,-49.4985,524.88,9.96,30.26
2024-01-15 15:15:02,znuvthk6df4na6of,ExampleSat-1,-2.4528,-47.7457,524.97,10.19,30.31
2024-01-15 15:15:50,z7xnv19iscgwdst7,ExampleSat-1,-0.0,-46.0,525.0,9.98,30.38
2024-01-15 15:16:38,yjoud7wvhuvo4pwz,ExampleSat-1,2.4528,-44.2543,524.97,10.03,30.44
2024-01-15 15:17:26,lcp3unlup01nolx9,ExampleSat-1,4.9028,-42.5015,524.88,9.94,30.48
2024-01-15 15:18:14,cjr1a0y4i4qijy2a,ExampleSat-1,7.3471,-40.7344,524.73,9.75,30.52
2024-01-15 15:19:02,5y2rzkw7uzcuyx9k,ExampleSat-1,9.7827,-38.9455,524.52,9.99,30.56
2024-01-15 15:19:50,c3f8uy1s1uu8d9cw,ExampleSat-1,12.2066,-37.1273,524.26,9.61,30.6
2024-01-15 15:20:38,ktb8515e8uw4yz0p,ExampleSat-1,14.6156,-35.2719,523.93,9.38,30.65
2024-01-15 15:21:26,ccx68qyosjuwu9iq,ExampleSat-1,17.0061,-33.3711,523.56,9.44,30.69
2024-01-15 15:22:14,6s4c9tvz45i3lr13,ExampleSat-1,19.3745,-31.4162,523.12,9.43,30.72
2024-01-15 15:23:02,fcuw1lj5437ep6ys,ExampleSat-1,21.7169,-29.3981,522.63,8.79,30.76
2024-01-15 15:23:50,7idd2llye2t9f9rk,ExampleSat-1,24.0287,-27.307,522.09,8.74,30.8
2024-01-15 15:24:38,jowu2x49yihyvozb,ExampleSat-1,26.3053,-25.1326,521.5,8.32,30.85
2024-01-15 15:25:26,rflzz71ytjgsuo5z,ExampleSat-1,28.5411,-22.864,520.85,8.18,30.9
2024-01-15 15:26:14,0tn9qmmsbh1ajyir,ExampleSat-1,30.7305,-20.4893,520.16,7.22,30.94
2024-01-15 15:27:02,hiwlqa2xz0fpchik,ExampleSat-1,32.8666,-17.9965,519.43,7.21,31.0
2024-01-15 15:27:50,hh8sn8z8ayr9uta8,ExampleSat-1,34.9423,-15.3726,518.65,6.67,31.04
2024-01-15 15:28:38,m32nily9l1pq74ko,ExampleSat-1,36.9493,-12.6046,517.83,6.69,31.09
2024-01-15 15:29:26,9a0nce2uj19zxo5j,ExampleSat-1,38.8785,-9.6791,516.98,6.17,31.14
2024-01-15 15:30:14,ibz3y5v8mjrrrcrl,ExampleSat-1,40.7198,-6.5834,516.08,5.93,31.18
2024-01-15 15:31:02,1n6duzzdy8yecy72,ExampleSat-1,42.4621,-3.3053,515.16,4.79,31.23
2024-01-15 15:31:50,hg601jdareyz01wp,ExampleSat-1,44.0934,0.1653,514.2,4.48,31.29
2024-01-15 15:32:38,p3btuxhs9c6glsug,ExampleSat-1,45.6007,3.8359,513.22,4.33,31.35
2024-01-15 15:33:26,vfjdtukmtvnoiwrq,ExampleSat-1,46.9703,7.7101,512.21,3.33,31.38
2024-01-15 15:34:14,en70ggvrt3uvv34d,ExampleSat-1,48.188,11.7861,511.18,3.07,31.43
2024-01-15 15:35:02,dzvkh5q8u1dswe8n,ExampleSat-1,49.2399,16.0556,510.13,2.59,31.47
2024-01-15 15:35:50,apse4a3d3lwfcj14,ExampleSat-1,50.1122,20.5026,509.07,1.96,31.51
2024-01-15 15:36:38,syzrzmuolb3r16y9,ExampleSat-1,50.7927,25.1025,507.99,1.38,31.54
2024-01-15 15:37:26,ed1l52m82hwxvdf2,ExampleSat-1,51.271,29.8228,506.91,1.25,31.61
2024-01-15 15:38:14,hiwh8lonokjajnq7,ExampleSat-1,51.5394,34.6235,505.82,0.42,31.68
2024-01-15 15:39:02,czo1ii7761fa0ozy,ExampleSat-1,51.5933,39.4598,504.73,0.0,31.65
2024-01-15 15:39:50,v4n3x48pl784qne3,ExampleSat-1,51.4318,44.2842,503.64,0.0,31.63
2024-01-15 15:40:38,h8fwu3nd9ymxc1gi,ExampleSat-1,51.0577,49.0501,502.55,0.0,31.6
2024-01-15 15:41:26,gc1limqrfh9vod2r,ExampleSat-1,50.4771,53.7148,501.47,0.0,31.56
2024-01-15 15:42:14,akawtx2m3nsn4eqe,ExampleSat-1,49.6993,58.2418,500.4,0.0,31.52
2024-01-15 15:43:02,bvj24g4q2ccwg4so,ExampleSat-1,48.7356,62.6025,499.34,0.0,31.48
2024-01-15 15:43:50,0r1o4h4i0l2ixdr3,ExampleSat-1,47.599,66.7768,498.3,0.0,31.45
2024-01-15 15:44:38,iiklfb482cyy8fz0,ExampleSat-1,46.3036,70.7525,497.28,0.0,31.42
2024-01-15 15:45:26,gp8aru018k113j81,ExampleSat-1,44.8634,74.5247,496.29,0.0,31.38
2024-01-15 15:46:14,cbdnhgy11iv2647m,ExampleSat-1,43.2924,78.0946,495.32,0.0,31.35
2024-01-15 15:47:02,99bknurbcnzuubnk,ExampleSat-1,41.604,81.4678,494.38,0.0,31.32
2024-01-15 15:47:50,448rafo6snoc53v2,ExampleSat-1,39.8108,84.6533,493.47,0.0,31.3
2024-01-15 15:48:38,sezk81v8pzhqrxbw,ExampleSat-1,37.9242,87.6624,492.59,0.0,31.27
2024-01-15 15:49:26,805ll5shwnb0ypm3,ExampleSat-1,35.9549,90.5075,491.75,0.0,31.24
2024-01-15 15:50:14,6avlmt2vsmxzlb15,ExampleSat-1,33.9125,93.2018,490.95,0.0,31.2
2024-01-15 15:51:02,efbkprio7lfndoxi,ExampleSat-1,31.8056,95.7585,490.2,0.0,31.17
2024-01-15 15:51:50,ktd7cpqqf9fy41jb,ExampleSat-1,29.642,98.1906,489.49,0.0,31.13
2024-01-15 15:52:38,7g3mruve0tokkpos,ExampleSat-1,27.4286,100.5108,,0.0,31.1
2024-01-15 15:53:26,0ae82abudn6k181i,ExampleSat-1,25.1717,102.7309,488.2,0.0,31.07
2024-01-15 15:54:14,sryujfb9lyp0h9xz,ExampleSat-1,22.8769,104.8623,487.63,0.0,31.06
2024-01-15 15:55:02,rrpxc4pyn5hefvo4,ExampleSat-1,20.5492,106.9157,487.12,0.0,31.02
2024-01-15 15:55:50,h08eaxr12h5j8961,ExampleSat-1,18.1933,108.901,486.66,0.0,30.99
2024-01-15 15:56:38,hh3h9tqcyknkgjm2,ExampleSat-1,15.8134,110.8277,486.25,0.0,30.97
2024-01-15 15:57:26,x2z4wumptq2rwn9i,ExampleSat-1,13.4132,112.7047,485.9,0.0,30.94
2024-01-15 15:58:14,kd26uqn8eye96cwu,ExampleSat-1,10.9963,114.5405,485.6,0.0,30.91
2024-01-15 15:59:02,xf1zsczv93cvva5u,ExampleSat-1,8.5662,116.3431,485.36,0.0,30.87
2024-01-15 15:59:50,e9bszwa0i8ucogss,ExampleSat-1,6.1259,118.1202,485.19,0.0,30.84
2024-01-15 16:00:38,hg18bdp8ycpkg5f7,ExampleSat-1,3.6784,119.8793,485.07,0.0,30.8
2024-01-15 16:01:26,6zp4kj93jp60z8u0,ExampleSat-1,1.2266,121.6276,485.01,0.0,30.76
2024-01-15 16:02:14,6pawqcnw910qqtm2,ExampleSat-1,-1.2266,123.3724,485.01,0.0,30.73
2024-01-15 16:03:02,ff0ki4d306hbs593,ExampleSat-1,-3.6784,125.1207,485.07,0.0,30.69
2024-01-15 16:03:50,nwcihk2atzh9cilp,ExampleSat-1,-6.1259,126.8798,485.19,0.0,30.65
2024-01-15 16:04:38,i4okzmbsdj3c4lcl,ExampleSat-1,-8.5662,128.6569,485.36,0.0,30.63
2024-01-15 16:05:26,ut2nz5ksrfkvsxw0,ExampleSat-1,-10.9963,130.4595,485.6,0.0,30.59
2024-01-15 16:06:14,oanur6qtq6kh1s8h,ExampleSat-1,-13.4132,132.2953,485.9,0.0,30.56
2024-01-15 16:07:02,1b8801ucqp15c8kn,ExampleSat-1,-15.8134,134.1723,486.25,0.0,30.53
2024-01-15 16:07:50,wlddf0jtne98f6mr,ExampleSat-1,-18.1933,136.099,486.66,0.0,30.51
2024-01-15 16:08:38,arohs67r4hr4t680,ExampleSat-1,-20.5492,138.0843,487.12,0.0,30.48
2024-01-15 16:09:26,xwaa44sophn5lj58,ExampleSat-1,-22.8769,140.1377,487.63,0.0,30.47
2024-01-15 16:10:14,7am6ybkmvyl4s6m0,ExampleSat-1,-25.1717,142.2691,488.2,0.0,30.45
2024-01-15 16:11:02,rboudrbpvgds3blo,ExampleSat-1,-27.4286,144.4892,488.82,0.0,30.41
2024-01-15 16:11:50,ct7jyy66yzt1h6c6,ExampleSat-1,-29.642,146.8094,489.49,0.0,30.4
2024-01-15 16:12:38,0d1nv9f3jtjmtncz,ExampleSat-1,-31.8056,149.2415,490.2,0.0,30.37
2024-01-15 16:13:26,8wipdagbvflclad3,ExampleSat-1,-33.9125,151.7982,490.95,0.0,30.34
2024-01-15 16:14:14,y3lny79rgrcld79e,ExampleSat-1,-35.9549,154.4925,491.75,0.0,30.29
2024-01-15 16:15:02,6xkbkvroqbycidfw,ExampleSat-1,-37.9242,157.3376,492.59,0.0,30.26
2024-01-15 16:15:50,7gvex1p9jzfrjbfo,ExampleSat-1,-39.8108,160.3467,493.47,0.0,30.21
2024-01-15 16:16:38,aeyjq54hca27dcil,ExampleSat-1,-41.604,163.5322,494.38,0.0,30.2
2024-01-15 16:17:26,k5ltyew0xsid71cw,ExampleSat-1,-43.2924,166.9054,495.32,0.0,30.18
2024-01-15 16:18:14,re2ju0s0bxnqh0ns,ExampleSat-1,-44.8634,170.4753,496.29,0.0,30.16
2024-01-15 16:19:02,7g9akm7kz5oax3l7,ExampleSat-1,-46.3036,174.2475,497.28,0.0,30.16
2024-01-15 16:19:50,g15lrcu4wzrxnlgb,ExampleSat-1,-47.599,178.2232,498.3,0.0,30.13
2024-01-15 16:20:38,09zne88k76a2u2c4,ExampleSat-1,-48.7356,-177.6025,499.34,0.0,30.09
2024-01-15 16:21:26,7am8k8gosjwig5kk,ExampleSat-1,-49.6993,-173.2418,500.4,0.0,30.07
2024-01-15 16:22:14,7jcbtl1kt7xgkes3,ExampleSat-1,-50.4771,-168.7148,501.47,0.0,ERR_READ
2024-01-15 16:23:02,er2bjiceowsghypf,ExampleSat-1,-51.0577,-164.0501,502.55,0.0,30.01
2024-01-15 16:23:50,pe7m0b0sa6s2n35e,ExampleSat-1,-51.4318,-159.2842,503.64,0.0,29.98
2024-01-15 16:24:38,1ag0y7f0tlyh6qwn,ExampleSat-1,-51.5933,-154.4598,504.73,0.0,29.94
2024-01-15 16:25:26,stqwfuv83zlebgs0,ExampleSat-1,-51.5394,-149.6235,505.82,0.28,29.98
2024-01-15 16:26:14,ufkk9fq6y71gxs7u,ExampleSat-1,-51.271,-144.8228,506.91,0.96,30.03
2024-01-15 16:27:02,kjz4wyu6et36fuim,ExampleSat-1,-50.7927,-140.1025,507.99,1.41,30.08
2024-01-15 16:27:50,kbb17i0b3ddths5v,ExampleSat-1,-50.1122,-135.5026,509.07,2.22,30.12
2024-01-15 16:28:38,111ubtqrlmbwp35t,ExampleSat-1,-49.2399,-131.0556,510.13,2.54,30.16
2024-01-15 16:29:26,905gpjlcb6hfd8p8,ExampleSat-1,-48.188,-126.7861,511.18,2.99,30.21
2024-01-15 16:30:14,jnf6t9cn0bszltu0,ExampleSat-1,-46.9703,-122.7101,512.21,3.54,30.27
2024-01-15 16:31:02,782zf7v12mdlkox2,ExampleSat-1,-45.6007,-118.8359,,4.18,30.33
2024-01-15 16:31:50,t35xrfqpem4ov6u0,ExampleSat-1,-44.0934,-115.1653,514.2,4.68,30.38
2024-01-15 16:32:38,ojd0ppyc6f5m97w6,ExampleSat-1,-42.4621,-111.6947,515.16,4.93,30.43
2024-01-15 16:33:26,f56deggr4tfwoeq7,ExampleSat-1,-40.7198,-108.4166,516.08,5.47,30.47
2024-01-15 16:34:14,lpkur5i0pb4617tc,ExampleSat-1,-38.8785,-105.3209,516.98,5.75,30.54
2024-01-15 16:35:02,27ft18twj40cpvt8,ExampleSat-1,-36.9493,-102.3954,517.83,6.52,30.6
2024-01-15 16:35:50,om3jzst95paf89k6,ExampleSat-1,-34.9423,-99.6274,518.65,6.8,30.65
2024-01-15 16:36:38,5pxmxwq6wdyz6k07,ExampleSat-1,-32.8666,-97.0035,519.43,7.41,30.7
2024-01-15 16:37:26,ftbphx8suapbb03t,ExampleSat-1,-30.7305,-94.5107,520.16,7.37,30.75
2024-01-15 16:38:14,guiaxkz1vq6s0yfn,ExampleSat-1,-28.5411,-92.136,520.85,7.8,30.79
2024-01-15 16:39:02,1zraeal5peqatvm7,ExampleSat-1,-26.3053,-89.8674,,8.35,30.84
2024-01-15 16:39:50,ifmi8e4sn0hsvn2s,ExampleSat-1,-24.0287,-87.693,522.09,8.81,30.9
2024-01-15 16:40:38,3tpu32bbxepwhgis,ExampleSat-1,-21.7169,-85.6019,522.63,8.95,30.96
2024-01-15 16:41:26,827svc5two5tg7do,ExampleSat-1,-19.3745,-83.5838,523.12,8.84,31.02
2024-01-15 16:42:14,2htw87dq5mlutnx7,ExampleSat-1,-17.0061,-81.6289,523.56,8.93,31.07
2024-01-15 16:43:02,c4lnkxyi9r71v5ol,ExampleSat-1,-14.6156,-79.7281,523.93,9.34,31.09
2024-01-15 16:43:50,p24fyfzglrlsq26b,ExampleSat-1,-12.2066,-77.8727,524.26,9.6,31.15
2024-01-15 16:44:38,picci5qgyse109nx,ExampleSat-1,-9.7827,-76.0545,524.52,9.94,31.19
2024-01-15 16:45:26,f23tyx45c8pz9gtc,ExampleSat-1,-7.3471,-74.2656,524.73,10.04,31.25
2024-01-15 16:46:14,ilw25pwbhaa459dw,ExampleSat-1,-4.9028,-72.4985,524.88,9.71,31.29
2024-01-15 16:47:02,evsqi67s5khf1736,ExampleSat-1,-2.4528,-70.7457,524.97,10.07,31.33
2024-01-15 16:47:50,1y65y55mm79axl6n,ExampleSat-1,-0.0,-69.0,525.0,10.01,31.38
2024-01-15 16:48:38,ofqu3y9i02w69pnf,ExampleSat-1,2.4528,-67.2543,524.97,10.37,31.42
2024-01-15 16:49:26,mk8stnrahw447kw5,ExampleSat-1,4.9028,-65.5015,524.88,9.86,31.48
2024-01-15 16:50:14,ku4yp0ayzjh80utd,ExampleSat-1,7.3471,-63.7344,524.73,9.65,31.53
2024-01-15 16:51:02,umtx6pip6gysp7yx,ExampleSat-1,9.7827,-61.9455,524.52,9.81,31.59
2024-01-15 16:51:50,8u9i20mm4ivy4let,ExampleSat-1,12.2066,-60.1273,524.26,9.73,31.65
2024-01-15 16:52:38,ouzpgmzajdszje18,ExampleSat-1,14.6156,-58.2719,523.93,9.45,31.71
2024-01-15 16:53:26,oi0d8ri5tzlgyt3s,ExampleSat-1,17.0061,-56.3711,523.56,8.85,31.74
2024-01-15 16:54:14,fempdxqn938sesxi,ExampleSat-1,19.3745,-54.4162,523.12,8.72,31.8
2024-01-15 16:55:02,9awbdcx4xgow07g3,ExampleSat-1,21.7169,-52.3981,522.63,8.8,31.84
2024-01-15 16:55:50,ckn3rkw2xa9mdz09,ExampleSat-1,24.0287,-50.307,522.09,8.63,31.89
2024-01-15 16:56:38,q6ri1kcmqzntlxke,ExampleSat-1,26.3053,-48.1326,521.5,8.38,31.94
2024-01-15 16:57:26,i5aqqfyeuy8nfdai,ExampleSat-1,28.5411,-45.864,520.85,8.16,32.0
2024-01-15 16:58:14,i2mnee6op3iohqut,ExampleSat-1,30.7305,-43.4893,520.16,7.4,32.05
2024-01-15 16:59:02,owninufqshw9p43i,ExampleSat-1,32.8666,-40.9965,519.43,6.96,32.08
2024-01-15 16:59:50,kyua2g5h5zs4b53d,ExampleSat-1,34.9423,-38.3726,518.65,6.81,32.13
2024-01-15 17:00:38,nhal0fb8ibsgx1s2,ExampleSat-1,36.9493,-35.6046,517.83,6.75,32.18
2024-01-15 17:01:26,yf0h8wgqdrtxb2g1,ExampleSat-1,38.8785,-32.6791,516.98,6.04,32.23
2024-01-15 17:02:14,n4d6lkgkflptnm4o,ExampleSat-1,40.7198,-29.5834,,5.43,32.27
2024-01-15 17:03:02,9psr1gc5u0uf869g,ExampleSat-1,42.4621,-26.3053,515.16,5.18,32.32
2024-01-15 17:03:50,zk8zdygorkiqyzo9,ExampleSat-1,44.0934,-22.8347,514.2,4.64,32.37
2024-01-15 17:04:38,3rs98s1zf2jli08u,ExampleSat-1,45.6007,-19.1641,513.22,3.9,32.43
2024-01-15 17:05:26,8f7ajug7tzlt4ov5,ExampleSat-1,46.9703,-15.2899,512.21,3.7,32.47
2024-01-15 17:06:14,rg6yco5t8dl5vu98,ExampleSat-1,48.188,-11.2139,511.18,3.42,32.51
2024-01-15 17:07:02,10wxqw9xt4ufn56w,ExampleSat-1,49.2399,-6.9444,510.13,2.41,32.57
2024-01-15 17:07:50,i3j3c6klm3ry7qq5,ExampleSat-1,50.1122,-2.4974,509.07,1.88,32.63
2024-01-15 17:08:38,44hzc5oj494ylfcg,ExampleSat-1,50.7927,2.1025,507.99,1.62,32.69
2024-01-15 17:09:26,jgp3qkqvqh3mnnu2,ExampleSat-1,51.271,6.8228,506.91,1.02,32.74
2024-01-15 17:10:14,p0ukjctplm233kaj,ExampleSat-1,51.5394,11.6235,505.82,0.21,32.8
2024-01-15 17:11:02,2uyqs54nlssu4at0,ExampleSat-1,51.5933,16.4598,504.73,0.0,32.77
2024-01-15 17:11:50,0pe7i1kqnk3trjyu,ExampleSat-1,51.4318,21.2842,503.64,0.0,32.74
2024-01-15 17:12:38,u58mt7o7nm7jhfk0,ExampleSat-1,51.0577,26.0501,502.55,0.0,32.71
2024-01-15 17:13:26,ddsbruftq877xf0x,ExampleSat-1,50.4771,30.7148,501.47,0.0,32.68
2024-01-15 17:14:14,6g911seepby45j7l,ExampleSat-1,49.6993,35.2418,500.4,0.0,ERR_READ
2024-01-15 17:15:02,dzcvqetysmp9sm4l,ExampleSat-1,48.7356,39.6025,499.34,0.0,32.63
2024-01-15 17:15:50,judna3jaevq4t7k7,ExampleSat-1,47.599,43.7768,498.3,0.0,32.59
2024-01-15 17:16:38,g0uf8e8ia6bfty9s,ExampleSat-1,46.3036,47.7525,497.28,0.0,32.56
2024-01-15 17:17:26,z4kq7pryjw8kpi8m,ExampleSat-1,44.8634,51.5247,496.29,0.0,32.54
2024-01-15 17:18:14,kd7ej2iswd3vjvxs,ExampleSat-1,43.2924,55.0946,495.32,0.0,32.51
2024-01-15 17:19:02,klty1erg67x5wegi,ExampleSat-1,41.604,58.4678,494.38,0.0,32.47
2024-01-15 17:19:50,nb38trspxd3fyhwj,ExampleSat-1,39.8108,61.6533,493.47,0.0,32.45
2024-01-15 17:20:38,6g4qi05pjuysfi02,ExampleSat-1,37.9242,64.6624,492.59,0.0,32.41
2024-01-15 17:21:26,thcyizzzmi2ldqmh,ExampleSat-1,35.9549,67.5075,491.75,0.0,32.36
2024-01-15 17:22:14,4lvbb1u585npigel,ExampleSat-1,33.9125,70.2018,490.95,0.0,32.33
2024-01-15 17:23:02,xtzwyqgfw88q1270,ExampleSat-1,31.8056,72.7585,490.2,0.0,32.3
2024-01-15 17:23:50,kjbn2po9317dbgjv,ExampleSat-1,29.642,75.1906,489.49,0.0,32.29
2024-01-15 17:24:38,y46ke3nfkci2qsxx,ExampleSat-1,27.4286,77.5108,,0.0,32.26
2024-01-15 17:25:26,qjf5fdc4stcic6j8,ExampleSat-1,25.1717,79.7309,488.2,0.0,32.22
2024-01-15 17:26:14,58cwctqcc6i7c2q5,ExampleSat-1,22.8769,81.8623,487.63,0.0,32.19
2024-01-15 17:27:02,tl68888ri7a6rttc,ExampleSat-1,20.5492,83.9157,,0.0,32.14
2024-01-15 17:27:50,jibodx55slsbpcow,ExampleSat-1,18.1933,85.901,486.66,0.0,32.11
2024-01-15 17:28:38,psw402gymx0ybyjg,ExampleSat-1,15.8134,87.8277,486.25,0.0,32.08
2024-01-15 17:29:26,mogtyf5vbigc9029,ExampleSat-1,13.4132,89.7047,485.9,0.0,32.05
2024-01-15 17:30:14,lh6izjyrfdasmhid,ExampleSat-1,10.9963,91.5405,485.6,0.0,32.02
2024-01-15 17:31:02,0r1byp06yknims36,ExampleSat-1,8.5662,93.3431,,0.0,31.99
2024-01-15 17:31:50,zevu95tgs7np46ij,ExampleSat-1,6.1259,95.1202,485.19,0.0,31.95
2024-01-15 17:32:38,9f0qfr6qu6ayg3hi,ExampleSat-1,3.6784,96.8793,485.07,0.0,31.93
2024-01-15 17:33:26,c8hsybrd7av58o3i,ExampleSat-1,1.2266,98.6276,485.01,0.0,31.9
2024-01-15 17:34:14,ontzbeyftcofxrjy,ExampleSat-1,-1.2266,100.3724,485.01,0.0,31.87
2024-01-15 17:35:02,mvxmrxya5apujp1x,ExampleSat-1,-3.6784,102.1207,485.07,0.0,31.82
2024-01-15 17:35:50,ip6krtf77v5pgwyx,ExampleSat-1,-6.1259,103.8798,485.19,0.0,31.79
2024-01-15 17:36:38,riuv7io3kc5gw4yx,ExampleSat-1,-8.5662,105.6569,485.36,0.0,31.77
2024-01-15 17:37:26,bj65lrru3qkct4y2,ExampleSat-1,-10.9963,107.4595,485.6,0.0,31.74
2024-01-15 17:38:14,c1qh58zn1hilk3bv,ExampleSat-1,-13.4132,109.2953,485.9,0.0,31.7
2024-01-15 17:39:02,urcqi6kusfwgrhql,ExampleSat-1,-15.8134,111.1723,486.25,0.0,31.67
2024-01-15 17:39:50,s46w20n9wn4o96pk,ExampleSat-1,-18.1933,113.099,486.66,0.0,31.63
2024-01-15 17:40:38,6quvo7arknp1cb1c,ExampleSat-1,-20.5492,115.0843,487.12,0.0,31.61
2024-01-15 17:41:26,rr4stvx775v1gql0,ExampleSat-1,-22.8769,117.1377,487.63,0.0,31.59
2024-01-15 17:42:14,z78ht153xy3zjqa0,ExampleSat-1,-25.1717,119.2691,488.2,0.0,31.55
2024-01-15 17:43:02,h86l3d0iat0wqras,ExampleSat-1,-27.4286,121.4892,488.82,0.0,31.53
2024-01-15 17:43:50,wze041icya31n2ln,ExampleSat-1,-29.642,123.8094,489.49,0.0,31.5
2024-01-15 17:44:38,gmxx5nmudw6u4v6j,ExampleSat-1,-31.8056,126.2415,490.2,0.0,31.47
2024-01-15 17:45:26,gikqh1i44kbn5jve,ExampleSat-1,-33.9125,128.7982,490.95,0.0,31.43
2024-01-15 17:46:14,6o4u2aikidmxoant,ExampleSat-1,-35.9549,131.4925,491.75,0.0,31.4
2024-01-15 17:47:02,cseyxzkamaceupxm,ExampleSat-1,-37.9242,134.3376,492.59,0.0,31.36
2024-01-15 17:47:50,9d5jgmvkm7o56klj,ExampleSat-1,-39.8108,137.3467,493.47,0.0,31.32
2024-01-15 17:48:38,wmt81qwdq1vknc94,ExampleSat-1,-41.604,140.5322,494.38,0.0,31.28
2024-01-15 17:49:26,otqq1rh105kw2sft,ExampleSat-1,-43.2924,143.9054,495.32,0.0,31.24
2024-01-15 17:50:14,rg97i5qta2o5hunw,ExampleSat-1,-44.8634,147.4753,496.29,0.0,31.23
2024-01-15 17:51:02,8094ee0ioljwsn40,ExampleSat-1,-46.3036,151.2475,497.28,0.0,31.22
2024-01-15 17:51:50,66qzmektsi1dmutp,ExampleSat-1,-47.599,155.2232,498.3,0.0,31.18
2024-01-15 17:52:38,bm7kgrq7o5t0ayww,ExampleSat-1,-48.7356,159.3975,499.34,0.0,31.15
2024-01-15 17:53:26,23epq205sbd9exb8,ExampleSat-1,-49.6993,163.7582,500.4,0.0,31.12
2024-01-15 17:54:14,qtfoo3tffig1zk1r,ExampleSat-1,-50.4771,168.2852,501.47,0.0,31.08
2024-01-15 17:55:02,9z47komnafl6hwb8,ExampleSat-1,-51.0577,172.9499,502.55,0.0,31.04
2024-01-15 17:55:50,v2xjg7i7sr3skpdl,ExampleSat-1,-51.4318,177.7158,503.64,0.0,31.02
2024-01-15 17:56:38,l1vlrcdwxxv1ykoe,ExampleSat-1,-51.5933,-177.4598,504.73,0.0,30.98
2024-01-15 17:57:26,b0xgucpwcnvpi2rt,ExampleSat-1,-51.5394,-172.6235,505.82,0.5,31.05
2024-01-15 17:58:14,4f4t7qkq5389biuz,ExampleSat-1,-51.271,-167.8228,506.91,0.64,31.11
2024-01-15 17:59:02,wyqu0owcgn6xyfxq,ExampleSat-1,-50.7927,-163.1025,507.99,1.51,31.16
2024-01-15 17:59:50,sdoy000t9ffhnot5,ExampleSat-1,-50.1122,-158.5026,509.07,2.04,31.2
2024-01-15 18:00:38,0k6ekzrjt5ftebko,ExampleSat-1,-49.2399,-154.0556,510.13,2.14,31.25
2024-01-15 18:01:26,235gxch1da9qwitl,ExampleSat-1,-48.188,-149.7861,511.18,3.17,31.31
2024-01-15 18:02:14,ni09zu86k4c84qxc,ExampleSat-1,-46.9703,-145.7101,512.21,3.49,31.37
2024-01-15 18:03:02,qyu89aaudjmx89op,ExampleSat-1,-45.6007,-141.8359,513.22,3.88,31.42
2024-01-15 18:03:50,9uk651dvoy1nuvn8,ExampleSat-1,-44.0934,-138.1653,514.2,4.7,31.48
2024-01-15 18:04:38,bqouszbe9l53lxkj,ExampleSat-1,-42.4621,-134.6947,515.16,4.78,31.53
2024-01-15 18:05:26,87ohcsz0o7mw1bsw,ExampleSat-1,-40.7198,-131.4166,516.08,5.71,31.57
2024-01-15 18:06:14,9lp6g710qkb26r1t,ExampleSat-1,-38.8785,-128.3209,516.98,5.89,31.61
2024-01-15 18:07:02,obrgikiv2t4gnt0s,ExampleSat-1,-36.9493,-125.3954,517.83,6.48,31.66
2024-01-15 18:07:50,a01drfflthy4k9gm,ExampleSat-1,-34.9423,-122.6274,518.65,6.84,31.71
2024-01-15 18:08:38,t8fzrpzjc4ppysq2,ExampleSat-1,-32.8666,-120.0035,519.43,6.89,31.78
2024-01-15 18:09:26,7lp7rqpktlsz4c2y,ExampleSat-1,-30.7305,-117.5107,520.16,7.4,31.82
2024-01-15 18:10:14,tlxt8okvymt0a7qk,ExampleSat-1,-28.5411,-115.136,520.85,7.69,31.86
2024-01-15 18:11:02,bkz9bcxn24z6trwk,ExampleSat-1,-26.3053,-112.8674,521.5,8.32,31.93
2024-01-15 18:11:50,9o91gayof08lvkde,ExampleSat-1,-24.0287,-110.693,522.09,8.58,31.99
2024-01-15 18:12:38,gtx83azdj27vajta,ExampleSat-1,-21.7169,-108.6019,522.63,8.89,32.04
2024-01-15 18:13:26,ul86vchuc17dsbl5,ExampleSat-1,-19.3745,-106.5838,523.12,8.82,32.1
2024-01-15 18:14:14,nofzkvpzmq3zjbg2,ExampleSat-1,-17.0061,-104.6289,523.56,9.31,32.14
2024-01-15 18:15:02,c8t74qilbg1axnw0,ExampleSat-1,-14.6156,-102.7281,523.93,9.34,32.18
2024-01-15 18:15:50,m00xfu7173zx2s8n,ExampleSat-1,-12.2066,-100.8727,524.26,9.55,32.23
2024-01-15 18:16:38,0q8t36b5col79tpd,ExampleSat-1,-9.7827,-99.0545,524.52,9.56,32.29
2024-01-15 18:17:26,u5n87cp1wicidbkt,ExampleSat-1,-7.3471,-97.2656,524.73,9.67,32.36
2024-01-15 18:18:14,089rbblwejxagnsc,ExampleSat-1,-4.9028,-95.4985,524.88,10.06,32.41
2024-01-15 18:19:02,wqxzaa396ecwwokt,ExampleSat-1,-2.4528,-93.7457,524.97,10.02,32.47
2024-01-15 18:19:50,qe32534vk0jgme8y,ExampleSat-1,-0.0,-92.0,525.0,9.99,ERR_READ
2024-01-15 18:20:38,7cyxgaqcxsbeo2f2,ExampleSat-1,2.4528,-90.2543,524.97,9.93,32.56
2024-01-15 18:21:26,ba1lhpivgn6n01xa,ExampleSat-1,4.9028,-88.5015,524.88,9.98,32.62
2024-01-15 18:22:14,pr2558krpdgu54el,ExampleSat-1,7.3471,-86.7344,524.73,9.79,32.66
2024-01-15 18:23:02,wrpw90lfzzg7kj2w,ExampleSat-1,9.7827,-84.9455,524.52,9.76,32.7
2024-01-15 18:23:50,m1k8te3y2sjmlsjp,ExampleSat-1,12.2066,-83.1273,524.26,9.36,32.74
2024-01-15 18:24:38,td0jqbkww70wh0y2,ExampleSat-1,14.6156,-81.2719,523.93,8.89,32.79
2024-01-15 18:25:26,3nnjcxl29vcyb3kv,ExampleSat-1,17.0061,-79.3711,523.56,9.29,32.84
2024-01-15 18:26:14,9irpoawy5z9tevy4,ExampleSat-1,19.3745,-77.4162,523.12,8.8,32.89
2024-01-15 18:27:02,6cd7erpwdp7fhpnb,ExampleSat-1,21.7169,-75.3981,522.63,9.08,32.94
2024-01-15 18:27:50,9qptmhl09x9jna9o,ExampleSat-1,24.0287,-73.307,522.09,8.36,33.0
2024-01-15 18:28:38,86ioz1gad38g3yps,ExampleSat-1,26.3053,-71.1326,521.5,8.21,33.0
2024-01-15 18:29:26,04lwl5hbyb5hu066,ExampleSat-1,28.5411,-68.864,520.85,7.8,33.0
2024-01-15 18:30:14,9saphz2ftiavmc9a,ExampleSat-1,30.7305,-66.4893,520.16,7.61,33.0
2024-01-15 18:31:02,omrpzafxkzd6eoeb,ExampleSat-1,32.8666,-63.9965,519.43,7.41,33.0
2024-01-15 18:31:50,cghmbbdbs4th9dzc,ExampleSat-1,34.9423,-61.3726,518.65,6.85,33.0
2024-01-15 18:32:38,k78vpgrnycn7omtj,ExampleSat-1,36.9493,-58.6046,517.83,6.54,33.0
2024-01-15 18:33:26,11y7bj7flthy2g91,ExampleSat-1,38.8785,-55.6791,516.98,5.63,33.0
2024-01-15 18:34:14,df3zi7ah64kru7x1,ExampleSat-1,40.7198,-52.5834,516.08,5.56,33.0
2024-01-15 18:35:02,kzb7t914lmiacq2y,ExampleSat-1,42.4621,-49.3053,515.16,4.91,33.0
2024-01-15 18:35:50,8tjlgif3mx0ij4i1,ExampleSat-1,44.0934,-45.8347,514.2,4.24,33.0
2024-01-15 18:36:38,dejrdpu82qax6pdx,ExampleSat-1,45.6007,-42.1641,513.22,4.47,33.0
2024-01-15 18:37:26,qxqq3rpdd3jh2o6h,ExampleSat-1,46.9703,-38.2899,512.21,3.54,33.0
2024-01-15 18:38:14,2pvgr48e6zp3avsc,ExampleSat-1,48.188,-34.2139,511.18,2.93,33.0
2024-01-15 18:39:02,9q69jpcgogxdgjur,ExampleSat-1,49.2399,-29.9444,510.13,2.34,33.0
2024-01-15 18:39:50,ld3saqv7uvulj71t,ExampleSat-1,50.1122,-25.4974,509.07,1.91,33.0
2024-01-15 18:40:38,vi7cu3b9yk6z4sra,ExampleSat-1,50.7927,-20.8975,507.99,1.79,33.0
2024-01-15 18:41:26,fou19x4fi13mr51r,ExampleSat-1,51.271,-16.1772,506.91,1.08,33.0
2024-01-15 18:42:14,4as53wqpzkd2n0cw,ExampleSat-1,51.5394,-11.3765,505.82,0.49,33.0
2024-01-15 18:43:02,s8kualtaszz97art,ExampleSat-1,51.5933,-6.5402,504.73,0.0,32.98
2024-01-15 18:43:50,9kwp8wyhoi70jpq8,ExampleSat-1,51.4318,-1.7158,503.64,0.0,32.94
2024-01-15 18:44:38,mao8kf16kwjkhgjk,ExampleSat-1,51.0577,3.0501,502.55,0.0,32.9
2024-01-15 18:45:26,iuf6g8gxsa5idtdf,ExampleSat-1,50.4771,7.7148,501.47,0.0,32.88
2024-01-15 18:46:14,mwohd8kl38hytq2m,ExampleSat-1,49.6993,12.2418,500.4,0.0,32.84
2024-01-15 18:47:02,lclx3cvbkxxmr5f3,ExampleSat-1,48.7356,16.6025,499.34,0.0,32.82
2024-01-15 18:47:50,ilth2mv9zm82031r,ExampleSat-1,47.599,20.7768,498.3,0.0,32.79
2024-01-15 18:48:38,iifxx42gs844vpwv,ExampleSat-1,46.3036,24.7525,497.28,0.0,32.77
2024-01-15 18:49:26,y932l3euknmjf37l,ExampleSat-1,44.8634,28.5247,496.29,0.0,32.75
2024-01-15 18:50:14,mt3auo788llvh56k,ExampleSat-1,43.2924,32.0946,495.32,0.0,32.71
2024-01-15 18:51:02,h7q4aknrcixvm3j9,ExampleSat-1,41.604,35.4678,494.38,0.0,32.68
2024-01-15 18:51:50,nqqc50eg0roc07i7,ExampleSat-1,39.8108,38.6533,493.47,0.0,32.66
2024-01-15 18:52:38,cp9cru5ugl1qnehy,ExampleSat-1,37.9242,41.6624,492.59,0.0,32.63
2024-01-15 18:53:26,9kutytvxd5ktxpxu,ExampleSat-1,35.9549,44.5075,491.75,0.0,32.59
2024-01-15 18:54:14,hsfhhouwutylnxw6,ExampleSat-1,33.9125,47.2018,490.95,0.0,32.56
2024-01-15 18:55:02,srbt0tqgewjq4j0j,ExampleSat-1,31.8056,49.7585,490.2,0.0,32.52
2024-01-15 18:55:50,e54mpy0jola3skyv,ExampleSat-1,29.642,52.1906,489.49,0.0,32.49
2024-01-15 18:56:38,7upnm78ajqpgs0hs,ExampleSat-1,27.4286,54.5108,488.82,0.0,32.45
2024-01-15 18:57:26,ts3uv4ed9jcu21wy,ExampleSat-1,25.1717,56.7309,488.2,0.0,32.42
2024-01-15 18:58:14,yvnguw1zen2lxk5a,ExampleSat-1,22.8769,58.8623,487.63,0.0,32.39
2024-01-15 18:59:02,s52r4wbvchdne62d,ExampleSat-1,20.5492,60.9157,487.12,0.0,32.35
2024-01-15 18:59:50,lj1rejscgun24t3c,ExampleSat-1,18.1933,62.901,486.66,0.0,32.34
2024-01-15 19:00:38,sml5y24d1boh1eri,ExampleSat-1,15.8134,64.8277,486.25,0.0,32.31
2024-01-15 19:01:26,vqk9ya8fjyqsuq6d,ExampleSat-1,13.4132,66.7047,485.9,0.0,32.27
2024-01-15 19:02:14,tyaqyhf9f8hxd9jd,ExampleSat-1,10.9963,68.5405,485.6,0.0,32.23
2024-01-15 19:03:02,3mpn5k7p7z45jc3t,ExampleSat-1,8.5662,70.3431,485.36,0.0,32.21
2024-01-15 19:03:50,ve53yl7hxgein13b,ExampleSat-1,6.1259,72.1202,,0.0,32.17
2024-01-15 19:04:38,6mab2cuz9cswsy3y,ExampleSat-1,3.6784,73.8793,485.07,0.0,32.13
2024-01-15 19:05:26,vhqo9ras6v9cexg2,ExampleSat-1,1.2266,75.6276,485.01,0.0,32.08
2024-01-15 19:06:14,ubitgzkkapgrvn4u,ExampleSat-1,-1.2266,77.3724,485.01,0.0,32.05
2024-01-15 19:07:02,qupypjr9aj8juhpb,ExampleSat-1,-3.6784,79.1207,485.07,0.0,32.02
2024-01-15 19:07:50,6ip8cq84s754upum,ExampleSat-1,-6.1259,80.8798,485.19,0.0,31.99
2024-01-15 19:08:38,8gl8b6v5zupu0wrz,ExampleSat-1,-8.5662,82.6569,485.36,0.0,31.95
2024-01-15 19:09:26,cfui36uwr45ma9zo,ExampleSat-1,-10.9963,84.4595,485.6,0.0,31.93
2024-01-15 19:10:14,f0z22bmcgbxev095,ExampleSat-1,-13.4132,86.2953,485.9,0.0,31.89
2024-01-15 19:11:02,nnptcih6mundgz7k,ExampleSat-1,-15.8134,88.1723,486.25,0.0,31.87
2024-01-15 19:11:50,742gvk86nhhv35lm,ExampleSat-1,-18.1933,90.099,486.66,0.0,31.85
2024-01-15 19:12:38,z9yvz3ctsl3olkw2,ExampleSat-1,-20.5492,92.0843,487.12,0.0,31.81
2024-01-15 19:13:26,s6nl0yr96dh9w22j,ExampleSat-1,-22.8769,94.1377,487.63,0.0,31.79
2024-01-15 19:14:14,dnj9m9scvv5a4ibc,ExampleSat-1,-25.1717,96.2691,488.2,0.0,31.76
2024-01-15 19:15:02,1vyp1bz08ic2999e,ExampleSat-1,-27.4286,98.4892,488.82,0.0,31.74
2024-01-15 19:15:50,mqdv3q602bke58rm,ExampleSat-1,-29.642,100.8094,489.49,0.0,31.73
2024-01-15 19:16:38,c8b5wupiuvu25ccl,ExampleSat-1,-31.8056,103.2415,490.2,0.0,31.7
2024-01-15 19:17:26,hxx2mhuzg8ximd43,ExampleSat-1,-33.9125,105.7982,490.95,0.0,31.69
2024-01-15 19:18:14,pkkc3gj9b55m596u,ExampleSat-1,-35.9549,108.4925,491.75,0.0,31.64
2024-01-15 19:19:02,d2qnvxswf6blcv1p,ExampleSat-1,-37.9242,111.3376,492.59,0.0,31.59
2024-01-15 19:19:50,2ejuq3d25sbd5kf0,ExampleSat-1,-39.8108,114.3467,493.47,0.0,31.58
2024-01-15 19:20:38,ugif45rp1m2e1wd4,ExampleSat-1,-41.604,117.5322,494.38,0.0,31.55
2024-01-15 19:21:26,r89z498tnya4kanp,ExampleSat-1,-43.2924,120.9054,495.32,0.0,31.52
2024-01-15 19:22:14,ierrdcl8gu4fxcv4,ExampleSat-1,-44.8634,124.4753,496.29,0.0,31.49
2024-01-15 19:23:02,6ceofmf1r4z7gxdr,ExampleSat-1,-46.3036,128.2475,497.28,0.0,31.46
2024-01-15 19:23:50,t7cssroxdqdde79g,ExampleSat-1,-47.599,132.2232,498.3,0.0,31.44
2024-01-15 19:24:38,oozy0cvkwfvvn8c7,ExampleSat-1,-48.7356,136.3975,499.34,0.0,31.42
2024-01-15 19:25:26,bkbdicsi7wz41ygp,ExampleSat-1,-49.6993,140.7582,500.4,0.0,31.39
2024-01-15 19:26:14,dv41dhdgieifw7z6,ExampleSat-1,-50.4771,145.2852,501.47,0.0,31.35
2024-01-15 19:27:02,vgmk5ls12mkp56na,ExampleSat-1,-51.0577,149.9499,502.55,0.0,ERR_READ
2024-01-15 19:27:50,vj9vi1d1lo9ic02h,ExampleSat-1,-51.4318,154.7158,503.64,0.0,31.29
2024-01-15 19:28:38,je0nzzdm2uucrnte,ExampleSat-1,-51.5933,159.5402,504.73,0.0,31.28
2024-01-15 19:29:26,uf8ixzd6znlgbbo0,ExampleSat-1,-51.5394,164.3765,505.82,0.44,31.34
2024-01-15 19:30:14,hhye9vo91apr2zcv,ExampleSat-1,-51.271,169.1772,506.91,1.2,31.38
2024-01-15 19:31:02,m4njspcfn6dkgfyi,ExampleSat-1,-50.7927,173.8975,507.99,1.6,31.42
2024-01-15 19:31:50,wt2u2sfvvep4gldl,ExampleSat-1,-50.1122,178.4974,509.07,2.36,31.47
2024-01-15 19:32:38,93mrzh96824fv57o,ExampleSat-1,-49.2399,-177.0556,510.13,2.48,31.51
2024-01-15 19:33:26,7igvth3arbbb1zfb,ExampleSat-1,-48.188,-172.7861,511.18,3.09,31.57
2024-01-15 19:34:14,8axfl5yi7apc9u56,ExampleSat-1,-46.9703,-168.7101,512.21,3.43,31.62
2024-01-15 19:35:02,306si0erkobs9k1l,ExampleSat-1,-45.6007,-164.8359,513.22,4.07,31.66
2024-01-15 19:35:50,wc57tzklmnh4jqad,ExampleSat-1,-44.0934,-161.1653,514.2,4.63,31.73
2024-01-15 19:36:38,xe0a2yx3tr34nyai,ExampleSat-1,-42.4621,-157.6947,515.16,5.22,31.77
2024-01-15 19:37:26,neoww51e5yodea9h,ExampleSat-1,-40.7198,-154.4166,516.08,5.46,31.81
2024-01-15 19:38:14,ydy1609cz4j2hdxm,ExampleSat-1,-38.8785,-151.3209,516.98,5.47,31.85
2024-01-15 19:39:02,sjasqd7ukcb6c5ej,ExampleSat-1,-36.9493,-148.3954,517.83,6.86,31.91
2024-01-15 19:39:50,ojlgg61bgs9ozalp,ExampleSat-1,-34.9423,-145.6274,518.65,6.65,31.97
2024-01-15 19:40:38,yzm2if1ntkywnkl0,ExampleSat-1,-32.8666,-143.0035,519.43,7.31,32.02
2024-01-15 19:41:26,qby8kg2jzsgn36fv,ExampleSat-1,-30.7305,-140.5107,520.16,7.56,32.07
2024-01-15 19:42:14,lb119mmaphqfwkgr,ExampleSat-1,-28.5411,-138.136,520.85,7.79,32.15
2024-01-15 19:43:02,bqh8pkbldcfzlqyk,ExampleSat-1,-26.3053,-135.8674,521.5,8.38,32.19
2024-01-15 19:43:50,w18hujg8mh53ph82,ExampleSat-1,-24.0287,-133.693,522.09,8.63,32.24
2024-01-15 19:44:38,jvjl6wooio2w4v17,ExampleSat-1,-21.7169,-131.6019,522.63,8.37,32.29
2024-01-15 19:45:26,99ovfzzbehds03qd,ExampleSat-1,-19.3745,-129.5838,523.12,9.08,32.35
2024-01-15 19:46:14,5pb965iv8n9n0324,ExampleSat-1,-17.0061,-127.6289,523.56,9.45,32.39
2024-01-15 19:47:02,la4uwtrax94t40eg,ExampleSat-1,-14.6156,-125.7281,523.93,9.36,32.44
2024-01-15 19:47:50,4c18di6volxv1dzn,ExampleSat-1,-12.2066,-123.8727,524.26,9.45,32.48
2024-01-15 19:48:38,cvv78g7m8fkbfdeo,ExampleSat-1,-9.7827,-122.0545,524.52,9.76,32.55
2024-01-15 19:49:26,w3n9w14uvn2t7sa3,ExampleSat-1,-7.3471,-120.2656,524.73,9.8,32.61
2024-01-15 19:50:14,530laocix8kk3lew,ExampleSat-1,-4.9028,-118.4985,524.88,10.1,32.69
2024-01-15 19:51:02,kth0qpsnf8ghql9h,ExampleSat-1,-2.4528,-116.7457,524.97,9.79,32.74
2024-01-15 19:51:50,382329kgrji4jokl,ExampleSat-1,0.0,-115.0,525.0,10.03,32.79
2024-01-15 19:52:38,xswnoailhj2olof8,ExampleSat-1,2.4528,-113.2543,524.97,10.14,32.84
2024-01-15 19:53:26,wr0z36qi8lmh7aj4,ExampleSat-1,4.9028,-111.5015,524.88,10.29,32.88
2024-01-15 19:54:14,ppzplnz9xa4abxnh,ExampleSat-1,7.3471,-109.7344,524.73,9.71,32.94
2024-01-15 19:55:02,3slttqm8of5xwbul,ExampleSat-1,9.7827,-107.9455,524.52,10.05,32.98
2024-01-15 19:55:50,8k30w9u218jbxx83,ExampleSat-1,12.2066,-106.1273,524.26,9.63,33.0
2024-01-15 19:56:38,5t3256uqx4w93151,ExampleSat-1,14.6156,-104.2719,523.93,9.46,33.0
2024-01-15 19:57:26,ntx01yxwtjn4rkb8,ExampleSat-1,17.0061,-102.3711,523.56,9.08,33.0
2024-01-15 19:58:14,xpczdyhymlz03czp,ExampleSat-1,19.3745,-100.4162,523.12,8.78,33.0
2024-01-15 19:59:02,sxmwaxuhaj8k5t2k,ExampleSat-1,21.7169,-98.3981,522.63,8.62,33.0
2024-01-15 19:59:50,e0i74hu8guw3t2xk,ExampleSat-1,24.0287,-96.307,522.09,8.07,33.0
2024-01-15 20:00:38,ls5hi7bxsf3oi3vi,ExampleSat-1,26.3053,-94.1326,521.5,7.98,33.0
2024-01-15 20:01:26,lsjou8iky2gtwdmd,ExampleSat-1,28.5411,-91.864,520.85,7.9,33.0
2024-01-15 20:02:14,9zd5kne2qzvfv9jl,ExampleSat-1,30.7305,-89.4893,520.16,7.72,33.0
2024-01-15 20:03:02,lpzm59fs29jzo2nl,ExampleSat-1,32.8666,-86.9965,519.43,6.85,33.0
2024-01-15 20:03:50,lebds0lmcz4qghuh,ExampleSat-1,34.9423,-84.3726,518.65,7.02,33.0
2024-01-15 20:04:38,nm8krgolw3dcuiop,ExampleSat-1,36.9493,-81.6046,517.83,6.56,33.0
2024-01-15 20:05:26,3daspwfskqafp24u,ExampleSat-1,38.8785,-78.6791,516.98,6.43,33.0
2024-01-15 20:06:14,x6hff31jp3uny1jj,ExampleSat-1,40.7198,-75.5834,516.08,5.79,33.0
2024-01-15 20:07:02,fv32n941z66ngr4p,ExampleSat-1,42.4621,-72.3053,515.16,5.17,33.0
2024-01-15 20:07:50,6p98ph1d66gf11w8,ExampleSat-1,44.0934,-68.8347,514.2,4.89,33.0
2024-01-15 20:08:38,hduv01id5sx6x68b,ExampleSat-1,45.6007,-65.1641,513.22,4.02,33.0
2024-01-15 20:09:26,9958o3biu88s5uaw,ExampleSat-1,46.9703,-61.2899,512.21,3.4,33.0
2024-01-15 20:10:14,j22kne8hwj8hfayh,ExampleSat-1,48.188,-57.2139,511.18,3.05,33.0
2024-01-15 20:11:02,sryofl2yueknhvi9,ExampleSat-1,49.2399,-52.9444,510.13,2.85,33.0
2024-01-15 20:11:50,vpkisme52f6i1tr2,ExampleSat-1,50.1122,-48.4974,509.07,1.92,33.0
2024-01-15 20:12:38,5wh78nz6crkfz9nz,ExampleSat-1,50.7927,-43.8975,507.99,1.28,33.0
2024-01-15 20:13:26,1x4w2ytnootgj2yv,ExampleSat-1,51.271,-39.1772,506.91,1.01,33.0
2024-01-15 20:14:14,kg2o5cqfvozo928x,ExampleSat-1,51.5394,-34.3765,505.82,0.63,33.0
2024-01-15 20:15:02,60im2bjzzlt2m3d3,ExampleSat-1,51.5933,-29.5402,504.73,0.0,32.98
2024-01-15 20:15:50,58n89hkqdm1gy6lx,ExampleSat-1,51.4318,-24.7158,503.64,0.0,32.94
2024-01-15 20:16:38,559n8pow24rty0wk,ExampleSat-1,51.0577,-19.9499,502.55,0.0,32.91
2024-01-15 20:17:26,5fej1jibc6fa3tnj,ExampleSat-1,50.4771,-15.2852,501.47,0.0,32.89
2024-01-15 20:18:14,e21qxlpl21cggiqr,ExampleSat-1,49.6993,-10.7582,500.4,0.0,32.85
2024-01-15 20:19:02,kvutwwnjytgmmeml,ExampleSat-1,48.7356,-6.3975,499.34,0.0,32.82
2024-01-15 20:19:50,xl0mrqsohwv45iwc,ExampleSat-1,47.599,-2.2232,498.3,0.0,32.8
2024-01-15 20:20:38,wiqh1ivlg8mnnf5o,ExampleSat-1,46.3036,1.7525,497.28,0.0,32.77
2024-01-15 20:21:26,466o9nayk4fq8vut,ExampleSat-1,44.8634,5.5247,496.29,0.0,32.75
2024-01-15 20:22:14,9997hryiskbxky0h,ExampleSat-1,43.2924,9.0946,495.32,0.0,32.72
2024-01-15 20:23:02,npbuoi7vuu0yylj6,ExampleSat-1,41.604,12.4678,494.38,0.0,32.71
2024-01-15 20:23:50,hknqsxvjd3r3d87b,ExampleSat-1,39.8108,15.6533,493.47,0.0,32.67
2024-01-15 20:24:38,pkro67qlcjgkr84f,ExampleSat-1,37.9242,18.6624,492.59,0.0,32.65
2024-01-15 20:25:26,p33fb4dfko0ozqs9,ExampleSat-1,35.9549,21.5075,491.75,0.0,32.6
2024-01-15 20:26:14,vcb70yyfmqdvqjtn,ExampleSat-1,33.9125,24.2018,490.95,0.0,32.57
2024-01-15 20:27:02,i6fdsp31ecttbaml,ExampleSat-1,31.8056,26.7585,490.2,0.0,32.55
2024-01-15 20:27:50,e9hm46xtucza39q6,ExampleSat-1,29.642,29.1906,489.49,0.0,32.51
2024-01-15 20:28:38,lke6rvu3sm7tdgwl,ExampleSat-1,27.4286,31.5108,488.82,0.0,32.47
2024-01-15 20:29:26,503ryb0s2mk5p2ig,ExampleSat-1,25.1717,33.7309,488.2,0.0,32.43
2024-01-15 20:30:14,gzjlfl6bl48v1ysy,ExampleSat-1,22.8769,35.8623,487.63,0.0,32.39
2024-01-15 20:31:02,76jqkwje62j0uxfg,ExampleSat-1,20.5492,37.9157,487.12,0.0,32.38
2024-01-15 20:31:50,ixq1epdggtsal99a,ExampleSat-1,18.1933,39.901,486.66,0.0,32.35
2024-01-15 20:32:38,v9zteh7k8b8ue41g,ExampleSat-1,15.8134,41.8277,486.25,0.0,32.32
2024-01-15 20:33:26,0i1ebokcu3jt46h8,ExampleSat-1,13.4132,43.7047,485.9,0.0,32.28
2024-01-15 20:34:14,r8vdornh899zlae0,ExampleSat-1,10.9963,45.5405,485.6,0.0,32.26
2024-01-15 20:35:02,a4trco402sk8v30m,ExampleSat-1,8.5662,47.3431,485.36,0.0,32.24
2024-01-15 20:35:50,xleonhzos7a1e4zf,ExampleSat-1,6.1259,49.1202,485.19,0.0,32.21
2024-01-15 20:36:38,l4mrvmtb34lt3xtb,ExampleSat-1,3.6784,50.8793,485.07,0.0,32.17
2024-01-15 20:37:26,pccl7ubmvgilz0pf,ExampleSat-1,1.2266,52.6276,485.01,0.0,32.15
2024-01-15 20:38:14,xnpfajotskugzi54,ExampleSat-1,-1.2266,54.3724,485.01,0.0,32.13
2024-01-15 20:39:02,dr3h1ne827xmbkz6,ExampleSat-1,-3.6784,56.1207,485.07,0.0,32.11
2024-01-15 20:39:50,655icu6se7mzfdwm,ExampleSat-1,-6.1259,57.8798,485.19,0.0,ERR_READ
2024-01-15 20:40:38,o05bxrz76ol9oreb,ExampleSat-1,-8.5662,59.6569,485.36,0.0,32.04
2024-01-15 20:41:26,ix0aidsdta71y9iu,ExampleSat-1,-10.9963,61.4595,485.6,0.0,32.01
2024-01-15 20:42:14,ex7cgny4v1wdko8q,ExampleSat-1,-13.4132,63.2953,485.9,0.0,31.98
2024-01-15 20:43:02,isbj5i659thoj2m9,ExampleSat-1,-15.8134,65.1723,486.25,0.0,31.95
2024-01-15 20:43:50,vc3mppoybg3tfw4i,ExampleSat-1,-18.1933,67.099,486.66,0.0,31.9
2024-01-15 20:44:38,kulwnoo4qbnnhpvv,ExampleSat-1,-20.5492,69.0843,487.12,0.0,31.89
2024-01-15 20:45:26,wp6qe95dzzgsd7ht,ExampleSat-1,-22.8769,71.1377,487.63,0.0,31.86
2024-01-15 20:46:14,netmvk2tk27l6gwf,ExampleSat-1,-25.1717,73.2691,488.2,0.0,31.84
2024-01-15 20:47:02,3vd5k92iak4ekuqb,ExampleSat-1,-27.4286,75.4892,488.82,0.0,31.81
2024-01-15 20:47:50,z538hv29rldll8oj,ExampleSat-1,-29.642,77.8094,489.49,0.0,31.76
2024-01-15 20:48:38,fiyurfroquoxq4wi,ExampleSat-1,-31.8056,80.2415,490.2,0.0,31.72
2024-01-15 20:49:26,mtmzrpkypvpxdiov,ExampleSat-1,-33.9125,82.7982,,0.0,31.69
2024-01-15 20:50:14,jik0o0phgjyjtwqy,ExampleSat-1,-35.9549,85.4925,491.75,0.0,31.67
2024-01-15 20:51:02,682hhhrwrfdp2xx2,ExampleSat-1,-37.9242,88.3376,492.59,0.0,31.64
2024-01-15 20:51:50,sxji96n75x53cq9u,ExampleSat-1,-39.8108,91.3467,493.47,0.0,31.62
2024-01-15 20:52:38,sffjwn0xydmykccw,ExampleSat-1,-41.604,94.5322,494.38,0.0,31.58
2024-01-15 20:53:26,isuh6kq393k4yi1c,ExampleSat-1,-43.2924,97.9054,495.32,0.0,31.55
2024-01-15 20:54:14,zdvk34d43pombvn8,ExampleSat-1,-44.8634,101.4753,,0.0,31.52
2024-01-15 20:55:02,fugvuxup322agxqy,ExampleSat-1,-46.3036,105.2475,497.28,0.0,31.48
2024-01-15 20:55:50,tctl8s1z34qkpasg,ExampleSat-1,-47.599,109.2232,498.3,0.0,31.45
2024-01-15 20:56:38,6wx7q77tb44tax10,ExampleSat-1,-48.7356,113.3975,499.34,0.0,31.43
2024-01-15 20:57:26,wnehurwkmi8ksfna,ExampleSat-1,-49.6993,117.7582,500.4,0.0,31.42
2024-01-15 20:58:14,hg899i9o4bviomi5,ExampleSat-1,-50.4771,122.2852,501.47,0.0,31.4
2024-01-15 20:59:02,mnpklv5rct37taic,ExampleSat-1,-51.0577,126.9499,502.55,0.0,31.38
2024-01-15 20:59:50,z9o7dash7ytq4gwr,ExampleSat-1,-51.4318,131.7158,503.64,0.0,31.34
2024-01-15 21:00:38,bj9rle9afiob99m2,ExampleSat-1,-51.5933,136.5402,504.73,0.0,31.32
2024-01-15 21:01:26,yv8vk5bnyzi5ficj,ExampleSat-1,-51.5394,141.3765,505.82,0.8,31.38
2024-01-15 21:02:14,ltvwnkv55f00u6pn,ExampleSat-1,-51.271,146.1772,506.91,0.72,31.43
2024-01-15 21:03:02,zqd8pp4sl7pqq57o,ExampleSat-1,-50.7927,150.8975,507.99,1.81,31.48
2024-01-15 21:03:50,0o5fwj9ajqwoqolc,ExampleSat-1,-50.1122,155.4974,509.07,2.24,31.52
2024-01-15 21:04:38,gymrbo0rzocjmi4t,ExampleSat-1,-49.2399,159.9444,510.13,2.76,31.57
2024-01-15 21:05:26,b87fxxmjkwzqg7pb,ExampleSat-1,-48.188,164.2139,511.18,3.13,31.62
2024-01-15 21:06:14,h3r39iqkxrkeoqih,ExampleSat-1,-46.9703,168.2899,512.21,3.9,31.67
2024-01-15 21:07:02,g43gn5j4oualtp7q,ExampleSat-1,-45.6007,172.1641,513.22,4.06,31.72
2024-01-15 21:07:50,187cspiin00wetvo,ExampleSat-1,-44.0934,175.8347,514.2,4.39,31.76
2024-01-15 21:08:38,fjc2jl1tzeqz28yo,ExampleSat-1,-42.4621,179.3053,515.16,5.14,31.8
2024-01-15 21:09:26,y34bqcbzuz22t9ii,ExampleSat-1,-40.7198,-177.4166,,5.27,31.84
2024-01-15 21:10:14,6wqg89s11i4a1kwi,ExampleSat-1,-38.8785,-174.3209,516.98,5.77,31.9
2024-01-15 21:11:02,v9x2kth5np3hjkbr,ExampleSat-1,-36.9493,-171.3954,517.83,6.49,31.96
2024-01-15 21:11:50,2tex08u7qcfrerqh,ExampleSat-1,-34.9423,-168.6274,518.65,6.81,31.99
2024-01-15 21:12:38,hquznfk0d3z83q8x,ExampleSat-1,-32.8666,-166.0035,519.43,7.01,32.03
2024-01-15 21:13:26,so2400sxvj4p9fkh,ExampleSat-1,-30.7305,-163.5107,520.16,7.6,32.09
2024-01-15 21:14:14,3dc66e3bet7v6opq,ExampleSat-1,-28.5411,-161.136,520.85,7.87,32.15
2024-01-15 21:15:02,d6psytzt1hr8wnzs,ExampleSat-1,-26.3053,-158.8674,521.5,8.23,32.21
2024-01-15 21:15:50,62v97rhie0ghvlb0,ExampleSat-1,-24.0287,-156.693,522.09,8.66,32.26
2024-01-15 21:16:38,1lqxw8rkpabofx21,ExampleSat-1,-21.7169,-154.6019,,8.79,32.31
2024-01-15 21:17:26,nqvwlxq89v6hqki4,ExampleSat-1,-19.3745,-152.5838,523.12,8.89,32.36
2024-01-15 21:18:14,n17affjhrnns4qwv,ExampleSat-1,-17.0061,-150.6289,523.56,8.97,32.41
2024-01-15 21:19:02,ak62mtfjjijwhjjt,ExampleSat-1,-14.6156,-148.7281,523.93,9.69,32.44
2024-01-15 21:19:50,0wz8m3oqcph7idec,ExampleSat-1,-12.2066,-146.8727,524.26,9.57,32.5
2024-01-15 21:20:38,9wqrbd27j60up4ok,ExampleSat-1,-9.7827,-145.0545,524.52,9.99,32.57
2024-01-15 21:21:26,rtjx3t0e85qitvhr,ExampleSat-1,-7.3471,-143.2656,524.73,9.75,32.61
2024-01-15 21:22:14,bgs9vm0lm8mrj8p0,ExampleSat-1,-4.9028,-141.4985,524.88,9.93,32.68
2024-01-15 21:23:02,8arrssnyhgkmtr12,ExampleSat-1,-2.4528,-139.7457,524.97,10.0,32.73
2024-01-15 21:23:50,ibnd67fi5eutqctn,ExampleSat-1,-0.0,-138.0,525.0,10.15,32.77
2024-01-15 21:24:38,i8u6c8zj9g26g9sv,ExampleSat-1,2.4528,-136.2543,524.97,9.94,32.82
2024-01-15 21:25:26,sayg5m8ryac9peca,ExampleSat-1,4.9028,-134.5015,524.88,9.78,32.88
2024-01-15 21:26:14,i3yjxpla8me43ei7,ExampleSat-1,7.3471,-132.7344,524.73,10.1,32.93
2024-01-15 21:27:02,lva4d4rfo9s6qlus,ExampleSat-1,9.7827,-130.9455,524.52,9.93,32.98
2024-01-15 21:27:50,09dn6sdwxwae32fs,ExampleSat-1,12.2066,-129.1273,524.26,9.66,33.0
2024-01-15 21:28:38,3de75hvxhnfakpvp,ExampleSat-1,14.6156,-127.2719,523.93,9.46,33.0
2024-01-15 21:29:26,fvuhl82zkxrd4wii,ExampleSat-1,17.0061,-125.3711,523.56,9.31,33.0
2024-01-15 21:30:14,5h0s6s5up0ekzxzd,ExampleSat-1,19.3745,-123.4162,523.12,9.06,33.0
2024-01-15 21:31:02,uqq1fcuhs99vf7fl,ExampleSat-1,21.7169,-121.3981,522.63,8.7,33.0
2024-01-15 21:31:50,7twp6iptlsejfkm5,ExampleSat-1,24.0287,-119.307,522.09,8.3,33.0
2024-01-15 21:32:38,ao8e0m8xccfvjvwy,ExampleSat-1,26.3053,-117.1326,521.5,8.17,33.0
2024-01-15 21:33:26,q42kydlm1ombuo0x,ExampleSat-1,28.5411,-114.864,520.85,7.6,33.0
2024-01-15 21:34:14,kt6kbpro83cespbv,ExampleSat-1,30.7305,-112.4893,520.16,7.59,33.0
2024-01-15 21:35:02,gnifo60341zuwc6w,ExampleSat-1,32.8666,-109.9965,519.43,7.53,33.0
2024-01-15 21:35:50,z98u14j3njmg8o2o,ExampleSat-1,34.9423,-107.3726,518.65,6.98,33.0
2024-01-15 21:36:38,gisxmhh04x2ncz8k,ExampleSat-1,36.9493,-104.6046,517.83,5.9,33.0
2024-01-15 21:37:26,87xhxbpsy3297te3,ExampleSat-1,38.8785,-101.6791,516.98,6.32,33.0
2024-01-15 21:38:14,6utxhyevd9nomef0,ExampleSat-1,40.7198,-98.5834,516.08,5.59,33.0
2024-01-15 21:39:02,k3rfy94kcp9ntd85,ExampleSat-1,42.4621,-95.3053,515.16,5.14,33.0
2024-01-15 21:39:50,3ao2bg24njx62dw5,ExampleSat-1,44.0934,-91.8347,514.2,4.76,33.0
2024-01-15 21:40:38,sq94drtx9uyqnzbd,ExampleSat-1,45.6007,-88.1641,513.22,3.92,33.0
2024-01-15 21:41:26,7p0rd35p1qqn5q06,ExampleSat-1,46.9703,-84.2899,512.21,3.77,33.0
2024-01-15 21:42:14,cdwj1q3b8db0jwfa,ExampleSat-1,48.188,-80.2139,511.18,3.27,33.0
2024-01-15 21:43:02,pfj6p6w4x783hf5r,ExampleSat-1,49.2399,-75.9444,510.13,2.16,33.0
2024-01-15 21:43:50,zhwz3tdu1jbyo67g,ExampleSat-1,50.1122,-71.4974,509.07,1.95,33.0
2024-01-15 21:44:38,70ul0b4zjesyqij2,ExampleSat-1,50.7927,-66.8975,507.99,1.13,33.0
2024-01-15 21:45:26,dp0qygtsg9uu6r67,ExampleSat-1,51.271,-62.1772,506.91,0.69,33.0
2024-01-15 21:46:14,desm6yxshaagnsf9,ExampleSat-1,51.5394,-57.3765,505.82,0.6,33.0
2024-01-15 21:47:02,70mjyvpud14amcuk,ExampleSat-1,51.5933,-52.5402,504.73,0.0,32.97
2024-01-15 21:47:50,jiq9q7207agrnmov,ExampleSat-1,51.4318,-47.7158,503.64,0.0,32.93
2024-01-15 21:48:38,uu4hfp6zgbof48u3,ExampleSat-1,51.0577,-42.9499,502.55,0.0,32.89
2024-01-15 21:49:26,n3aiwng8hwn7l3s8,ExampleSat-1,50.4771,-38.2852,501.47,0.0,32.85
2024-01-15 21:50:14,f5l0py216d59cbvp,ExampleSat-1,49.6993,-33.7582,500.4,0.0,32.82
2024-01-15 21:51:02,u3pu2vfhs3zmvqir,ExampleSat-1,48.7356,-29.3975,499.34,0.0,32.79
2024-01-15 21:51:50,b5z0qd3dteqsu5gt,ExampleSat-1,47.599,-25.2232,498.3,0.0,32.77
2024-01-15 21:52:38,ux1aaq172uqpaery,ExampleSat-1,46.3036,-21.2475,497.28,0.0,32.73
2024-01-15 21:53:26,skgaon4nabzk5yjc,ExampleSat-1,44.8634,-17.4753,496.29,0.0,32.7
2024-01-15 21:54:14,bzwekih30mze86dj,ExampleSat-1,43.2924,-13.9054,495.32,0.0,32.67
2024-01-15 21:55:02,4e8yhqm6iv4tsqw9,ExampleSat-1,41.604,-10.5322,494.38,0.0,32.62
2024-01-15 21:55:50,q3k4di0lnalu8x89,ExampleSat-1,39.8108,-7.3467,493.47,0.0,32.6
2024-01-15 21:56:38,tgflxhieay2ifxo7,ExampleSat-1,37.9242,-4.3376,492.59,0.0,32.56
2024-01-15 21:57:26,k3avy89jdj2rv9ma,ExampleSat-1,35.9549,-1.4925,491.75,0.0,32.53
2024-01-15 21:58:14,0gjgpufln9shlrv2,ExampleSat-1,33.9125,1.2018,490.95,0.0,32.51
2024-01-15 21:59:02,2d694pcuwtb1kq4y,ExampleSat-1,31.8056,3.7585,490.2,0.0,32.48
2024-01-15 21:59:50,8h9g66suijbyd3om,ExampleSat-1,29.642,6.1906,489.49,0.0,32.44
2024-01-15 22:00:38,g8yvg8cofitsvy2k,ExampleSat-1,27.4286,8.5108,488.82,0.0,32.41
2024-01-15 22:01:26,ub0cynn8rivjx996,ExampleSat-1,25.1717,10.7309,488.2,0.0,32.38
2024-01-15 22:02:14,5ftgibdf598y4ffw,ExampleSat-1,22.8769,12.8623,487.63,0.0,32.35
2024-01-15 22:03:02,rxznoalyhbp87d7m,ExampleSat-1,20.5492,14.9157,487.12,0.0,32.31
2024-01-15 22:03:50,zxpvfns4omfif75y,ExampleSat-1,18.1933,16.901,486.66,0.0,32.28
2024-01-15 22:04:38,9e3dsa17tusw8bqx,ExampleSat-1,15.8134,18.8277,486.25,0.0,32.25
2024-01-15 22:05:26,8q9hfsmzb4688ei2,ExampleSat-1,13.4132,20.7047,485.9,0.0,ERR_READ
2024-01-15 22:06:14,tzcwhzgh9021cfhg,ExampleSat-1,10.9963,22.5405,485.6,0.0,32.2
2024-01-15 22:07:02,qj43juvqoxphpnhq,ExampleSat-1,8.5662,24.3431,485.36,0.0,32.17
2024-01-15 22:07:50,v49wxt744ywc00ud,ExampleSat-1,6.1259,26.1202,485.19,0.0,32.15
2024-01-15 22:08:38,4ntjnn37npceoqez,ExampleSat-1,3.6784,27.8793,485.07,0.0,32.1
2024-01-15 22:09:26,vlqbw0fuin4o18di,ExampleSat-1,1.2266,29.6276,485.01,0.0,32.07
2024-01-15 22:10:14,s11ow1z4lrw6oe9r,ExampleSat-1,-1.2266,31.3724,485.01,0.0,32.05
2024-01-15 22:11:02,4bs2ovatha4juwqd,ExampleSat-1,-3.6784,33.1207,485.07,0.0,32.02
2024-01-15 22:11:50,5a36ntzkmopyfyef,ExampleSat-1,-6.1259,34.8798,485.19,0.0,31.99
2024-01-15 22:12:38,4pqnbylrzae7069h,ExampleSat-1,-8.5662,36.6569,485.36,0.0,31.96
2024-01-15 22:13:26,ubwstvsi2q2xhga6,ExampleSat-1,-10.9963,38.4595,485.6,0.0,31.93
2024-01-15 22:14:14,qj5pwpzldl07g4fw,ExampleSat-1,-13.4132,40.2953,485.9,0.0,31.9
2024-01-15 22:15:02,s1akb9b9h5rv90cc,ExampleSat-1,-15.8134,42.1723,486.25,0.0,31.87
2024-01-15 22:15:50,v6h5hhbw3x1v48fv,ExampleSat-1,-18.1933,44.099,486.66,0.0,31.84
2024-01-15 22:16:38,rq28p7qordn7ldwx,ExampleSat-1,-20.5492,46.0843,487.12,0.0,31.81
2024-01-15 22:17:26,j75wqz9k1l7hqcsx,ExampleSat-1,-22.8769,48.1377,487.63,0.0,31.78
2024-01-15 22:18:14,oahym06hniswkkjc,ExampleSat-1,-25.1717,50.2691,488.2,0.0,31.75
2024-01-15 22:19:02,tb7a03t26gps6sf2,ExampleSat-1,-27.4286,52.4892,488.82,0.0,31.71
2024-01-15 22:19:50,gigw6bb2w2zn4vx4,ExampleSat-1,-29.642,54.8094,489.49,0.0,31.69
2024-01-15 22:20:38,or4i9uhcktivzc6e,ExampleSat-1,-31.8056,57.2415,490.2,0.0,31.67
2024-01-15 22:21:26,g65x0inmvdcrqxco,ExampleSat-1,-33.9125,59.7982,490.95,0.0,31.62
2024-01-15 22:22:14,oy7epi2t9bgbii8s,ExampleSat-1,-35.9549,62.4925,491.75,0.0,31.59
2024-01-15 22:23:02,vkndaswr2ju3e4zw,ExampleSat-1,-37.9242,65.3376,492.59,0.0,31.57
2024-01-15 22:23:50,uymqp02emdlb267s,ExampleSat-1,-39.8108,68.3467,493.47,0.0,31.54
2024-01-15 22:24:38,ikyantxt3q4nxlda,ExampleSat-1,-41.604,71.5322,494.38,0.0,31.48
2024-01-15 22:25:26,4sa72li7d36nnfpi,ExampleSat-1,-43.2924,74.9054,495.32,0.0,31.47
2024-01-15 22:26:14,7kom3yzly95n5ylu,ExampleSat-1,-44.8634,78.4753,496.29,0.0,31.44
2024-01-15 22:27:02,d4amie1gx8oegxyo,ExampleSat-1,-46.3036,82.2475,497.28,0.0,31.41
2024-01-15 22:27:50,ss7ln9c9wahy3d1l,ExampleSat-1,-47.599,86.2232,498.3,0.0,31.37
2024-01-15 22:28:38,lq3nwzofq6scd73r,ExampleSat-1,-48.7356,90.3975,499.34,0.0,31.35
2024-01-15 22:29:26,xy36wyyeiq0ezqbs,ExampleSat-1,-49.6993,94.7582,500.4,0.0,31.31
2024-01-15 22:30:14,t542e36fz541byza,ExampleSat-1,-50.4771,99.2852,501.47,0.0,31.27
2024-01-15 22:31:02,8azrorf5t8kb91x4,ExampleSat-1,-51.0577,103.9499,502.55,0.0,31.23
2024-01-15 22:31:50,6rbma26xn1nftam8,ExampleSat-1,-51.4318,108.7158,503.64,0.0,31.2
2024-01-15 22:32:38,iurauy1ssluq6oxt,ExampleSat-1,-51.5933,113.5402,504.73,0.0,31.17
2024-01-15 22:33:26,nr4zb8e40ftkytq4,ExampleSat-1,-51.5394,118.3765,505.82,0.38,31.21
2024-01-15 22:34:14,6vewws0rrev3keeq,ExampleSat-1,-51.271,123.1772,506.91,1.45,31.27
2024-01-15 22:35:02,ve1di686mt0tnf0c,ExampleSat-1,-50.7927,127.8975,507.99,1.59,31.32
2024-01-15 22:35:50,g8dr0j2khy9w6mc4,ExampleSat-1,-50.1122,132.4974,509.07,2.19,31.38
2024-01-15 22:36:38,23u2f4836b1rskc5,ExampleSat-1,-49.2399,136.9444,510.13,2.19,31.43
2024-01-15 22:37:26,yrw1ubbl97lk2ejb,ExampleSat-1,-48.188,141.2139,511.18,3.08,31.47
2024-01-15 22:38:14,xhfe9oym5sso6tjr,ExampleSat-1,-46.9703,145.2899,512.21,3.63,31.52
2024-01-15 22:39:02,zlw6tu4r5tj8011n,ExampleSat-1,-45.6007,149.1641,513.22,3.76,31.57
2024-01-15 22:39:50,tdjblje4dzx34i61,ExampleSat-1,-44.0934,152.8347,514.2,4.52,31.63
2024-01-15 22:40:38,e7vovx21zflcayq5,ExampleSat-1,-42.4621,156.3053,515.16,5.17,31.66
2024-01-15 22:41:26,l0utbthr7uv3wgvx,ExampleSat-1,-40.7198,159.5834,516.08,5.69,31.7
2024-01-15 22:42:14,r1q89iirr85749pa,ExampleSat-1,-38.8785,162.6791,516.98,5.99,31.73
2024-01-15 22:43:02,adstm5c40fyv4278,ExampleSat-1,-36.9493,165.6046,517.83,6.51,31.8
2024-01-15 22:43:50,bbv2tia5lv33xhgc,ExampleSat-1,-34.9423,168.3726,518.65,6.59,31.84
2024-01-15 22:44:38,a13fgj9nd81mu1mf,ExampleSat-1,-32.8666,170.9965,519.43,7.45,31.9
2024-01-15 22:45:26,eib429533b4n8fot,ExampleSat-1,-30.7305,173.4893,520.16,7.5,31.94
2024-01-15 22:46:14,23tj68yzxeozivhr,ExampleSat-1,-28.5411,175.864,520.85,7.61,32.0
2024-01-15 22:47:02,py5n5ta9aky2xyjo,ExampleSat-1,-26.3053,178.1326,521.5,7.9,32.05
2024-01-15 22:47:50,jt0jmjj75d3vrie5,ExampleSat-1,-24.0287,-179.693,522.09,8.38,32.11
2024-01-15 22:48:38,l2ydi86j190bjqdo,ExampleSat-1,-21.7169,-177.6019,522.63,8.52,32.17
2024-01-15 22:49:26,dzkoxqme92jx8kbf,ExampleSat-1,-19.3745,-175.5838,523.12,8.85,32.19
2024-01-15 22:50:14,hx7fri1bvnjee75s,ExampleSat-1,-17.0061,-173.6289,523.56,9.16,32.22
2024-01-15 22:51:02,of97s2n0c8ich0xw,ExampleSat-1,-14.6156,-171.7281,523.93,9.74,32.26
2024-01-15 22:51:50,o0jxbjydyikaztb5,ExampleSat-1,-12.2066,-169.8727,524.26,9.36,112.0
2024-01-15 22:52:38,z14taumqkojsefh1,ExampleSat-1,-9.7827,-168.0545,524.52,0.0,27.8
2024-01-15 22:53:26,5gw9q0nnfukjlawc,ExampleSat-1,-7.3471,-166.2656,524.73,0.0,27.6
2024-01-15 22:54:14,ypb3lp9ok065zmhn,ExampleSat-1,-4.9028,-164.4985,524.88,0.0,27.4
2024-01-15 22:55:02,5tofn7gjp21p7x8e,ExampleSat-1,-2.4528,-162.7457,524.97,0.0,27.2
2024-01-15 22:55:50,enoxvdedupadcdfd,ExampleSat-1,-0.0,-161.0,,0.0,27.0
2024-01-15 22:56:38,hpkob2j61vyl3z6a,ExampleSat-1,2.4528,-159.2543,524.97,0.0,26.8
2024-01-15 22:57:26,5l15yywcbvnq8wiq,ExampleSat-1,4.9028,-157.5015,524.88,0.0,26.6
2024-01-15 22:58:14,a9s82rci5ses9kja,ExampleSat-1,7.3471,-155.7344,524.73,0.0,26.4
2024-01-15 22:59:02,moxhidyo6ng87epx,ExampleSat-1,9.7827,-153.9455,524.52,0.0,26.2
2024-01-15 22:59:50,fp91k3t33odmbc40,ExampleSat-1,12.2066,-152.1273,524.26,0.0,26.0
2024-01-15 23:00:38,eh84pcxgcb4uuhh3,ExampleSat-1,14.6156,-150.2719,523.93,0.0,25.8
2024-01-15 23:01:26,vj664ipoa8jhqjel,ExampleSat-1,17.0061,-148.3711,,0.0,25.6
2024-01-15 23:02:14,q1wpgw0fl3jlnmwm,ExampleSat-1,19.3745,-146.4162,523.12,0.0,25.4
2024-01-15 23:03:02,s66u69irbxeknsyc,ExampleSat-1,21.7169,-144.3981,522.63,0.0,25.2
2024-01-15 23:03:50,vg6o2px0ay0qi4kg,ExampleSat-1,24.0287,-142.307,522.09,0.0,25.0
2024-01-15 23:04:38,osicy8ehim1d4wqn,ExampleSat-1,26.3053,-140.1326,521.5,0.0,24.8
2024-01-15 23:05:26,df9fqqf9tmfbgry2,ExampleSat-1,28.5411,-137.864,520.85,0.0,24.6
2024-01-15 23:06:14,rqkyobjrrl3rpmzy,ExampleSat-1,30.7305,-135.4893,520.16,0.0,24.4
2024-01-15 23:07:02,5wpi0ilajhjareho,ExampleSat-1,32.8666,-132.9965,519.43,0.0,24.2
2024-01-15 23:07:50,4lhp9bt77ve8yadl,ExampleSat-1,34.9423,-130.3726,518.65,0.0,24.0
2024-01-15 23:08:38,yq5j34yh6o1tffxf,ExampleSat-1,36.9493,-127.6046,517.83,0.0,23.8
2024-01-15 23:09:26,jbejm0eliuptm0t7,ExampleSat-1,38.8785,-124.6791,516.98,0.0,23.6
2024-01-15 23:10:14,a9zzcn9z4uhhah2r,ExampleSat-1,40.7198,-121.5834,516.08,0.0,23.4
2024-01-15 23:11:02,fjpwdx6tit6vvhra,ExampleSat-1,42.4621,-118.3053,515.16,0.0,23.2
2024-01-15 23:11:50,rqiwyegvh9lxzrzw,ExampleSat-1,44.0934,-114.8347,514.2,0.0,23.0
2024-01-15 23:12:38,3sa2ekottcupt9d4,ExampleSat-1,45.6007,-111.1641,513.22,0.0,22.8
2024-01-15 23:13:26,2cv4h1ahxg9cfc8v,ExampleSat-1,46.9703,-107.2899,512.21,0.0,22.6
2024-01-15 23:14:14,vigmd39608jt8w9l,ExampleSat-1,48.188,-103.2139,,0.0,22.4
2024-01-15 23:15:02,42pyuynds0i5id9g,ExampleSat-1,49.2399,-98.9444,510.13,0.0,22.2
2024-01-15 23:15:50,5owh3p0tllns7lhq,ExampleSat-1,50.1122,-94.4974,509.07,0.0,22.0
2024-01-15 23:16:38,290th0nent73cues,ExampleSat-1,50.7927,-89.8975,507.99,0.0,21.8
2024-01-15 23:17:26,256ee6882b5rxssu,ExampleSat-1,51.271,-85.1772,506.91,0.0,21.6
2024-01-15 23:18:14,1qpyx0jy88k30858,ExampleSat-1,51.5394,-80.3765,505.82,0.0,21.4
2024-01-15 23:19:02,s9kq0gewcgz0y6mi,ExampleSat-1,51.5933,-75.5402,504.73,0.0,21.2
2024-01-15 23:19:50,sux5yd258kjcpbyd,ExampleSat-1,51.4318,-70.7158,503.64,0.0,21.0
2024-01-15 23:20:38,sdvhp58d7ob5zplz,ExampleSat-1,51.0577,-65.9499,502.55,0.0,20.8
2024-01-15 23:21:26,c3xqzw2etl72h9la,ExampleSat-1,50.4771,-61.2852,501.47,0.0,20.6
2024-01-15 23:22:14,arq7o6x29qjx8avh,ExampleSat-1,49.6993,-56.7582,500.4,0.0,20.4
2024-01-15 23:23:02,xgh2yv1nf0yedkjz,ExampleSat-1,48.7356,-52.3975,499.34,0.0,20.2
2024-01-15 23:23:50,ff73724a80dqrtqg,ExampleSat-1,47.599,-48.2232,498.3,0.0,20.0
2024-01-15 23:24:38,04tyl3grp3gj0uyn,ExampleSat-1,46.3036,-44.2475,497.28,0.0,19.8
2024-01-15 23:25:26,psxokfxt21hfwot4,ExampleSat-1,44.8634,-40.4753,496.29,0.0,19.6
2024-01-15 23:26:14,z7sbmb9ycyofzggb,ExampleSat-1,43.2924,-36.9054,495.32,0.0,19.4
2024-01-15 23:27:02,zb8489crf5kd0f3b,ExampleSat-1,41.604,-33.5322,494.38,0.0,19.2
2024-01-15 23:27:50,95d04xt6q847a0mp,ExampleSat-1,39.8108,-30.3467,493.47,0.0,19.0
2024-01-15 23:28:38,jpb99z2z3hwwqfr1,ExampleSat-1,37.9242,-27.3376,492.59,0.0,18.8
2024-01-15 23:29:26,d1txb7jcmt9ior0a,ExampleSat-1,35.9549,-24.4925,491.75,0.0,18.6
2024-01-15 23:30:14,ncr2ot473p1tfjwx,ExampleSat-1,33.9125,-21.7982,490.95,0.0,18.4
2024-01-15 23:31:02,9twrfw8qpodc5orc,ExampleSat-1,31.8056,-19.2415,490.2,0.0,18.2
2024-01-15 23:31:50,q58mft161sxr9je1,ExampleSat-1,29.642,-16.8094,489.49,0.0,18.0
2024-01-15 23:32:38,irlahtkq0ua0bbrf,ExampleSat-1,27.4286,-14.4892,488.82,0.0,17.8
2024-01-15 23:33:26,liuoqexlv81ihfkl,ExampleSat-1,25.1717,-12.2691,488.2,0.0,17.6
2024-01-15 23:34:14,mnz72qyv13xk2y11,ExampleSat-1,22.8769,-10.1377,487.63,0.0,17.4
2024-01-15 23:35:02,1ko6wni3vpuuqwhe,ExampleSat-1,20.5492,-8.0843,487.12,0.0,17.2
2024-01-15 23:35:50,iz6e33ijui82i94t,ExampleSat-1,18.1933,-6.099,486.66,0.0,17.0
2024-01-15 23:36:38,whi559semjs5hl96,ExampleSat-1,15.8134,-4.1723,486.25,0.0,16.8
2024-01-15 23:37:26,pwb5mtku2nlql3do,ExampleSat-1,13.4132,-2.2953,485.9,0.0,16.6
2024-01-15 23:38:14,wzn90ltv3sfzmd9l,ExampleSat-1,10.9963,-0.4595,485.6,0.0,16.4
2024-01-15 23:39:02,9rkpmiqyaryhs7s2,ExampleSat-1,8.5662,1.3431,485.36,0.0,16.2
2024-01-15 23:39:50,1anmekw041q1e6jy,ExampleSat-1,6.1259,3.1202,485.19,0.0,16.0
2024-01-15 23:40:38,0itixlrqhobfvx0k,ExampleSat-1,3.6784,4.8793,485.07,0.0,15.8
2024-01-15 23:41:26,nskshhel3397uq02,ExampleSat-1,1.2266,6.6276,485.01,0.0,15.6
2024-01-15 23:42:14,7ychl6l3hwdjhzmx,ExampleSat-1,-1.2266,8.3724,485.01,0.0,15.4
2024-01-15 23:43:02,07m1ijkas750cfov,ExampleSat-1,-3.6784,10.1207,485.07,0.0,ERR_READ
2024-01-15 23:43:50,o8v61km71cuimkyr,ExampleSat-1,-6.1259,11.8798,485.19,0.0,15.0
2024-01-15 23:44:38,squdk7pv5tsigwna,ExampleSat-1,-8.5662,13.6569,485.36,0.0,14.8
2024-01-15 23:45:26,1vccwkqllvo6yqzf,ExampleSat-1,-10.9963,15.4595,485.6,0.0,14.6
2024-01-15 23:46:14,4tsty7iqtz8u78wm,ExampleSat-1,-13.4132,17.2953,485.9,0.0,14.4
2024-01-15 23:47:02,r52pyo6ykrzho9ns,ExampleSat-1,-15.8134,19.1723,486.25,0.0,14.2
2024-01-15 23:47:50,8gh6k5gbrgyr0ky5,ExampleSat-1,-18.1933,21.099,486.66,0.0,14.0
2024-01-15 23:48:38,fpefxtmpgu813hhe,ExampleSat-1,-20.5492,23.0843,487.12,0.0,13.8
2024-01-15 23:49:26,a0jba75kbtqflu7d,ExampleSat-1,-22.8769,25.1377,487.63,0.0,13.6
2024-01-15 23:50:14,9wsjpq1xu50ndmy2,ExampleSat-1,-25.1717,27.2691,488.2,0.0,13.4
2024-01-15 23:51:02,cyrp03ka0434l6yk,ExampleSat-1,-27.4286,29.4892,488.82,0.0,13.2
2024-01-15 23:51:50,q7n44mgjne9ma39q,ExampleSat-1,-29.642,31.8094,489.49,0.0,13.0
2024-01-15 23:52:38,2s50bw6bvm0ssod7,ExampleSat-1,-31.8056,34.2415,490.2,0.0,12.8
2024-01-15 23:53:26,sf8vp3no43cv6rom,ExampleSat-1,-33.9125,36.7982,490.95,0.0,12.6
2024-01-15 23:54:14,hw217h8bn2ffdhyf,ExampleSat-1,-35.9549,39.4925,491.75,0.0,12.4
2024-01-15 23:55:02,wnt08i1lb4ohc5yh,ExampleSat-1,-37.9242,42.3376,492.59,0.0,12.2
2024-01-15 23:55:50,fewytlpkcbzy7gv7,ExampleSat-1,-39.8108,45.3467,493.47,0.0,12.0
2024-01-15 23:56:38,92c5j0m0rno2xbe2,ExampleSat-1,-41.604,48.5322,494.38,0.0,11.8
2024-01-15 23:57:26,2n6xv9hlj7po407k,ExampleSat-1,-43.2924,51.9054,495.32,0.0,11.6
2024-01-15 23:58:14,5z3kv0uvoudxhhwc,ExampleSat-1,-44.8634,55.4753,496.29,0.0,11.4
2024-01-15 23:59:02,f641gimbddonhgbd,ExampleSat-1,-46.3036,59.2475,497.28,0.0,11.2
2024-01-15 23:59:50,klrdppwcnav7c87y,ExampleSat-1,-47.599,63.2232,498.3,0.0,11.0
2024-01-16 00:00:38,srj2vfq6ke06185i,ExampleSat-1,-48.7356,67.3975,499.34,0.0,10.8
2024-01-16 00:01:26,cyehgrdgx4nc92tz,ExampleSat-1,-49.6993,71.7582,500.4,0.0,10.6
2024-01-16 00:02:14,rcb45zkytx99vz7w,ExampleSat-1,-50.4771,76.2852,501.47,0.0,10.4
2024-01-16 00:03:02,k15my9h6dw2exi91,ExampleSat-1,-51.0577,80.9499,502.55,0.0,10.2
2024-01-16 00:03:50,3a2r1rcmpgu56arr,ExampleSat-1,-51.4318,85.7158,503.64,0.0,10.0
2024-01-16 00:04:38,1zc0vrmshfcox7at,ExampleSat-1,-51.5933,90.5402,504.73,0.0,9.8
2024-01-16 00:05:26,yccapvr4g9zw8fxc,ExampleSat-1,-51.5394,95.3765,505.82,0.0,9.6
2024-01-16 00:06:14,w18joncj01raoyt3,ExampleSat-1,-51.271,100.1772,506.91,0.0,9.4
2024-01-16 00:07:02,u11id45a5x5u0whg,ExampleSat-1,-50.7927,104.8975,507.99,0.0,9.2
2024-01-16 00:07:50,lk9eellbj1fsyi30,ExampleSat-1,-50.1122,109.4974,509.07,0.0,9.0
2024-01-16 00:08:38,5p0qfi0zmnckp75a,ExampleSat-1,-49.2399,113.9444,510.13,0.0,8.8
2024-01-16 00:09:26,5otcknqs2b771qdw,ExampleSat-1,-48.188,118.2139,511.18,0.0,8.6
2024-01-16 00:10:14,7h0fpmmz57h9vemy,ExampleSat-1,-46.9703,122.2899,512.21,0.0,8.4
2024-01-16 00:11:02,sbv52dopyp4fpn3w,ExampleSat-1,-45.6007,126.1641,513.22,0.0,8.2
2024-01-16 00:11:50,qmpzlzwxc49tho81,ExampleSat-1,-44.0934,129.8347,514.2,0.0,8.0
2024-01-16 00:12:38,42alebu0q0veieo4,ExampleSat-1,-42.4621,133.3053,515.16,0.0,7.8
2024-01-16 00:13:26,gk7j3mbqr720696h,ExampleSat-1,-40.7198,136.5834,516.08,0.0,7.6
2024-01-16 00:14:14,vv6mosh7la4dh53p,ExampleSat-1,-38.8785,139.6791,516.98,0.0,7.4
2024-01-16 00:15:02,uzyezlk1rz5yntxa,ExampleSat-1,-36.9493,142.6046,517.83,0.0,7.2
2024-01-16 00:15:50,w9s2ddtj9zszuz5r,ExampleSat-1,-34.9423,145.3726,518.65,0.0,7.0
2024-01-16 00:16:38,lrqe0rkrz9qfxagu,ExampleSat-1,-32.8666,147.9965,519.43,0.0,6.8
2024-01-16 00:17:26,twtwy8ie56hp5h9e,ExampleSat-1,-30.7305,150.4893,520.16,0.0,6.6
2024-01-16 00:18:14,gletivwo55qyoho5,ExampleSat-1,-28.5411,152.864,520.85,0.0,6.4
2024-01-16 00:19:02,99vzqkb1i0yzjapt,ExampleSat-1,-26.3053,155.1326,521.5,0.0,6.2
2024-01-16 00:19:50,oiujbevol09d5p86,ExampleSat-1,-24.0287,157.307,,0.0,6.0
2024-01-16 00:20:38,mrrrhqu6nq3fkib2,ExampleSat-1,-21.7169,159.3981,522.63,0.0,5.8
2024-01-16 00:21:26,60dhy9xe1clkiia9,ExampleSat-1,-19.3745,161.4162,523.12,0.0,5.6
2024-01-16 00:22:14,omkolirloxaey1rf,ExampleSat-1,-17.0061,163.3711,523.56,0.0,5.4
2024-01-16 00:23:02,htkk6socw4eiwgp4,ExampleSat-1,-14.6156,165.2719,523.93,0.0,5.2
2024-01-16 00:23:50,orbjub8mmbsj9ehi,ExampleSat-1,-12.2066,167.1273,524.26,0.0,5.0
2024-01-16 00:24:38,owk34n93prjq6ywp,ExampleSat-1,-9.7827,168.9455,524.52,0.0,4.8
2024-01-16 00:25:26,rhm25ddqmyob5yy2,ExampleSat-1,-7.3471,170.7344,524.73,0.0,4.6
2024-01-16 00:26:14,4re1lnk6q2moyhm6,ExampleSat-1,-4.9028,172.5015,524.88,0.0,4.4
2024-01-16 00:27:02,07kk1usj7oghf5ih,ExampleSat-1,-2.4528,174.2543,524.97,0.0,4.2
2024-01-16 00:27:50,99zdt1obs0n63dw4,ExampleSat-1,-0.0,176.0,525.0,0.0,4.0
2024-01-16 00:28:38,c98sijca4rhi9ywe,ExampleSat-1,2.4528,177.7457,524.97,0.0,3.8
2024-01-16 00:29:26,n2kvkjze8xt05utp,ExampleSat-1,4.9028,179.4985,524.88,0.0,3.6
2024-01-16 00:30:14,tkkzf76e230f2ks9,ExampleSat-1,7.3471,-178.7344,524.73,0.0,3.4
2024-01-16 00:31:02,wzq0l58xg10wq1eh,ExampleSat-1,9.7827,-176.9455,524.52,0.0,3.2
2024-01-16 00:31:50,2g3n3tw4jyjmrnh8,ExampleSat-1,12.2066,-175.1273,524.26,0.0,3.0
2024-01-16 00:32:38,akokpgy54lmic5vo,ExampleSat-1,14.6156,-173.2719,523.93,0.0,2.8
2024-01-16 00:33:26,zj5sx0mbdml6sxe4,ExampleSat-1,17.0061,-171.3711,523.56,0.0,2.6
2024-01-16 00:34:14,jqm0oc5swfpbgrem,ExampleSat-1,19.3745,-169.4162,523.12,0.0,2.4
2024-01-16 00:35:02,golyk1rzo8vdb3bg,ExampleSat-1,21.7169,-167.3981,522.63,0.0,2.2
2024-01-16 00:35:50,q4ppcfynebgykmjt,ExampleSat-1,24.0287,-165.307,522.09,0.0,2.0
2024-01-16 00:36:38,3k9lx3fjp4bh4736,ExampleSat-1,26.3053,-163.1326,521.5,0.0,1.8
2024-01-16 00:37:26,f3kyba7c243ks9f6,ExampleSat-1,28.5411,-160.864,520.85,0.0,1.6
2024-01-16 00:38:14,wro4xsct4s6u0xna,ExampleSat-1,30.7305,-158.4893,520.16,0.0,1.4
2024-01-16 00:39:02,v6i76t5zaxwxff72,ExampleSat-1,32.8666,-155.9965,519.43,0.0,1.2
2024-01-16 00:39:50,hxalobkx28vlpgww,ExampleSat-1,34.9423,-153.3726,518.65,0.0,1.0
2024-01-16 00:40:38,4i5hkeyi6iy76331,ExampleSat-1,36.9493,-150.6046,517.83,0.0,0.8
2024-01-16 00:41:26,6c72mtu6tkuc22s5,ExampleSat-1,38.8785,-147.6791,516.98,0.0,0.6
2024-01-16 00:42:14,xhpzlu37l8m5sigk,ExampleSat-1,40.7198,-144.5834,516.08,0.0,0.4
2024-01-16 00:43:02,a0pqyqhsxjgy7sy0,ExampleSat-1,42.4621,-141.3053,515.16,0.0,0.2
2024-01-16 00:43:50,d7h7o9081g34lbc6,ExampleSat-1,44.0934,-137.8347,514.2,0.0,0
2024-01-16 00:44:38,0ey5zec5mjzdbovw,ExampleSat-1,45.6007,-134.1641,513.22,0.0,0
2024-01-16 00:45:26,6nz9bg0nmcovbdj8,ExampleSat-1,46.9703,-130.2899,512.21,0.0,0
2024-01-16 00:46:14,1dd1lsydrty4srma,ExampleSat-1,48.188,-126.2139,511.18,0.0,0
2024-01-16 00:47:02,b4ue2vhkaesrxl1x,ExampleSat-1,49.2399,-121.9444,510.13,0.0,0
2024-01-16 00:47:50,1qe1oxee9je453zs,ExampleSat-1,50.1122,-117.4974,509.07,0.0,0
2024-01-16 00:48:38,rff48mzjlkvz2kp0,ExampleSat-1,50.7927,-112.8975,507.99,0.0,0
2024-01-16 00:49:26,fs7tsxo9yucsgku6,ExampleSat-1,51.271,-108.1772,506.91,0.0,0
2024-01-16 00:50:14,pg1nhbsc7wm5yptz,ExampleSat-1,51.5394,-103.3765,505.82,0.0,0
2024-01-16 00:51:02,gx8wcvidw8zvp9yt,ExampleSat-1,51.5933,-98.5402,504.73,0.0,0
2024-01-16 00:51:50,aitf378qaydbl9wo,ExampleSat-1,51.4318,-93.7158,503.64,0.0,0
2024-01-16 00:52:38,yyuwtswr5wcwwjcl,ExampleSat-1,51.0577,-88.9499,502.55,0.0,0
2024-01-16 00:53:26,1k1k4ic7ecpczdhb,ExampleSat-1,50.4771,-84.2852,501.47,0.0,0
2024-01-16 00:54:14,djbayxdbqzq0bcda,ExampleSat-1,49.6993,-79.7582,500.4,0.0,0
2024-01-16 00:55:02,fbze7wn1rnrs53dg,ExampleSat-1,48.7356,-75.3975,499.34,0.0,0
2024-01-16 00:55:50,uo2fpu894iya0d1m,ExampleSat-1,47.599,-71.2232,498.3,0.0,0
2024-01-16 00:56:38,991tdg5q9ef7vy3h,ExampleSat-1,46.3036,-67.2475,497.28,0.0,0
2024-01-16 00:57:26,gi78pris1rw04mpt,ExampleSat-1,44.8634,-63.4753,496.29,0.0,0
2024-01-16 00:58:14,tyobq6gseo0ajiyp,ExampleSat-1,43.2924,-59.9054,495.32,0.0,0
2024-01-16 00:59:02,3yvsv6zs289411cc,ExampleSat-1,41.604,-56.5322,494.38,0.0,0
2024-01-16 00:59:50,7c58updbpeee5glb,ExampleSat-1,39.8108,-53.3467,493.47,0.0,0
2024-01-16 01:00:38,s9pw32w2f0hr76f3,ExampleSat-1,37.9242,-50.3376,492.59,0.0,0
2024-01-16 01:01:26,0ae7d05zuhknxapk,ExampleSat-1,35.9549,-47.4925,491.75,0.0,0
2024-01-16 01:02:14,0p3qxesvg5czacnf,ExampleSat-1,33.9125,-44.7982,490.95,0.0,0
2024-01-16 01:03:02,3dmj1qh5lb5t41u9,ExampleSat-1,31.8056,-42.2415,490.2,0.0,0
2024-01-16 01:03:50,4c12do58j5pag41f,ExampleSat-1,29.642,-39.8094,489.49,0.0,0
2024-01-16 01:04:38,svz7te0baqfshwkx,ExampleSat-1,27.4286,-37.4892,488.82,0.0,0
2024-01-16 01:05:26,a3w6dx88u4rpvwr9,ExampleSat-1,25.1717,-35.2691,488.2,0.0,0
2024-01-16 01:06:14,6gmiycp0eesl0dzs,ExampleSat-1,22.8769,-33.1377,487.63,0.0,0
2024-01-16 01:07:02,ex517kxi7zj6o8m9,ExampleSat-1,20.5492,-31.0843,487.12,0.0,0
2024-01-16 01:07:50,hkqasxhm1e69eyfm,ExampleSat-1,18.1933,-29.099,486.66,0.0,0
2024-01-16 01:08:38,undku0459ne64qkt,ExampleSat-1,15.8134,-27.1723,486.25,0.0,0
2024-01-16 01:09:26,yi1z5vbeaa50f7i0,ExampleSat-1,13.4132,-25.2953,485.9,0.0,0
2024-01-16 01:10:14,yqa3yxvw8bvc1nrk,ExampleSat-1,10.9963,-23.4595,485.6,0.0,0
2024-01-16 01:11:02,ovlywoc32rca2ssp,ExampleSat-1,8.5662,-21.6569,485.36,0.0,0
2024-01-16 01:11:50,90tn4sax7rynkzds,ExampleSat-1,6.1259,-19.8798,485.19,0.0,0
2024-01-16 01:12:38,qwy3xgtx5cnn8bq9,ExampleSat-1,3.6784,-18.1207,485.07,0.0,0
2024-01-16 01:13:26,6rka0jup8xbv0762,ExampleSat-1,1.2266,-16.3724,485.01,0.0,0
2024-01-16 01:14:14,ubm313n2a6t8wqdh,ExampleSat-1,-1.2266,-14.6276,485.01,0.0,0
2024-01-16 01:15:02,3y0exb30kalqizoi,ExampleSat-1,-3.6784,-12.8793,485.07,0.0,ERR_READ
2024-01-16 01:15:50,pcz2zdb7h6s3r8ym,ExampleSat-1,-6.1259,-11.1202,485.19,0.0,0
2024-01-16 01:16:38,iy333of017z9lam4,ExampleSat-1,-8.5662,-9.3431,485.36,0.0,0
2024-01-16 01:17:26,1mg227aodldsvpry,ExampleSat-1,-10.9963,-7.5405,485.6,0.0,ERR_READ
2024-01-16 01:18:14,jmlq5ao8rhs16eay,ExampleSat-1,-13.4132,-5.7047,485.9,0.0,0
2024-01-16 01:19:02,9bvb5cqs52834brc,ExampleSat-1,-15.8134,-3.8277,486.25,0.0,0
2024-01-16 01:19:50,e41326h7vi3lz4tm,ExampleSat-1,-18.1933,-1.901,486.66,0.0,0
2024-01-16 01:20:38,lplbhmjq12nf2m90,ExampleSat-1,-20.5492,0.0843,487.12,0.0,0
2024-01-16 01:21:26,2tygxg0hrctx1s2p,ExampleSat-1,-22.8769,2.1377,487.63,0.0,0
2024-01-16 01:22:14,4zrh7u0l89ssqzzk,ExampleSat-1,-25.1717,4.2691,488.2,0.0,0
2024-01-16 01:23:02,dhyv18fusnm60tkz,ExampleSat-1,-27.4286,6.4892,488.82,0.0,0
2024-01-16 01:23:50,febswcby61ibvz65,ExampleSat-1,-29.642,8.8094,489.49,0.0,0
2024-01-16 01:24:38,dkcqp187lo6csqiw,ExampleSat-1,-31.8056,11.2415,490.2,0.0,0
2024-01-16 01:25:26,17lhnvvukeb80s9l,ExampleSat-1,-33.9125,13.7982,490.95,0.0,0
2024-01-16 01:26:14,rh2biy9nl3gudg1d,ExampleSat-1,-35.9549,16.4925,491.75,0.0,0
2024-01-16 01:27:02,jj8d1brlzrmrx0l5,ExampleSat-1,-37.9242,19.3376,492.59,0.0,0
2024-01-16 01:27:50,9hczjtwix063cbkn,ExampleSat-1,-39.8108,22.3467,493.47,0.0,0
2024-01-16 01:28:38,hxiqsfti684hvsva,ExampleSat-1,-41.604,25.5322,494.38,0.0,0
2024-01-16 01:29:26,oj60bkrku6p9mky4,ExampleSat-1,-43.2924,28.9054,495.32,0.0,0
2024-01-16 01:30:14,m6f7odefqqwicb9d,ExampleSat-1,-44.8634,32.4753,496.29,0.0,0
2024-01-16 01:31:02,gr6sblhyr3r8clil,ExampleSat-1,-46.3036,36.2475,497.28,0.0,0
